Species,Common name,Scientific name,Price,date
Lizards,Baby Frilled Dragon,Chlamydosaurus kingii,$149.99,09. Nov 19 
Turtles,Pinkbelly Snapping Turtle,Elseya novaeguinea,$149.99,09. Nov 19 
Snakes,Baby Axanthic Western Hognose Snake,null,$199.99,09. Nov 19 
Inverts,Blue Foot Baboon Tarantula,Idiothele mira,$49.99,09. Nov 19 
Snakes,Scarlet Snake,Cemophora coccinea,$39.99,09. Nov 19 
Lizards,Baby Blue Spotted Timor Monitor,Varanus timorensis,$149.99,09. Nov 19 
Turtles,Baby Painted Terrapin Turtle,Batagur borneoensis,$199.99,09. Nov 19 
Lizards,Baby Witblits Bearded Dragons,Pogona vitticeps,$399.99,09. Nov 19 
Tortoises,Baby Burmese Brown Mountain Tortoise,Manouria emys,$249.99,09. Nov 19 
Snakes,Baby Axanthic Carpet Python,null,$349.99,09. Nov 19 
Tegus,Albino Snowmaker Tegu #3,Tupinambis Merianae X Tupinambis rufescens,"$2,499.99",09. Nov 19 
Snakes,Baby Striped Black Ratsnake,null,$29.99,09. Nov 19 
Snakes,Grey Ratsnake,null,$59.99,09. Nov 19 
Tortoises,Baby Yellowfoot Tortoise,Geochelone denticulata,$149.99,09. Nov 19 
Amphibians,Lemon Albino Pacman Frog,Ceratophrys cranwelli,$24.99,09. Nov 19 
Turtles,Baby Pearl River Map Turtle,Graptemys pearlensis,$149.99,09. Nov 19 
Snakes,Baby Pastel HRA Ball Python,null,$109.99,09. Nov 19 
Lizards,Abronia Graminea,Abronia graminea,$124.99,09. Nov 19 
Snakes,Machete Snake,Chironius carinatus,$124.99,08. Nov 19 
Lizards,Baby Leopard Lizard,null,$19.99,08. Nov 19 
Snakes,Baby T Negative Matrix Blood Python,Python brongersMay,$399.99,08. Nov 19 
Lizards,Helmeted Iguana,Corytophanes hernandesii,$299.99,08. Nov 19 
Lizards,6-8 Inch Red Bearded Dragon,Pogona vitticeps,$49.99,07. Nov 19 
Snakes,Dekay Snake,null,$6.99,07. Nov 19 
Amphibians,Medium Green Pacman Frog,null,$39.99,08. Nov 19 
Snakes,Arizona Mountain Kingsnake,Lampropeltis pyromelana,$199.99,08. Nov 19 
Geckos,Baby Mack Snow Leopard Gecko,Eublepharis macularius,$24.99,08. Nov 19 
Inverts,Amazon Ribbed Tree Spider,Iridopelma hirsutum,$49.99,08. Nov 19 
Isopods,Porcellio Laevis “Grey” Isopods,Porcellio Laevis,$9.99,08. Nov 19 
Inverts,Bumblebee Millipede,Anadenobolus monilicornis,$3.99,08. Nov 19 
Turtles,Baby Krefft’s Sideneck Turtle,Chelymys krefftii,$59.99,08. Nov 19 
Tortoises,Baby Hermann’s Tortoise,Testudo hermanii boettgeri,$149.99,08. Nov 19 
Lizards,Whitethroat Monitor,Varanus albigularis,$299.99,08. Nov 19 
Geckos,Baby Dalmation Peach Pinstripe Crested Gecko,Correlophus ciliatus,$174.99,08. Nov 19 
Snakes,Egyptian Cat Eye Snake,null,$149.99,08. Nov 19 
Inverts,Arizona Blonde Tarantula,null,$34.99,08. Nov 19 
Venomous,West African Rhino Viper,Bitis nasicornis,$349.99,08. Nov 19 
Turtles,Baby Mississippi Map Turtle,Graptemys pseudogeographica kohni,$14.99,08. Nov 19 
Lizards,Baby Green Tree Monitor,Varanus prasinus,$999.99,08. Nov 19 
Inverts,Zimbabwe Grey Baboon Tarantula,Ceratogyrus meridionalis,$34.99,08. Nov 19 
Lizards,Black Tree Monitor,null,"$1,399.99",08. Nov 19 
Venomous,Baby West African Rhino Viper,Bitis nasicornis,$749.99,08. Nov 19 
Inverts,Peruvian Yellow Leg Centipede,Scolopendra robusta,$399.99,08. Nov 19 
Tegus,Sub-Adult Chacoan Whitehead Tegu,null,$249.99,04. Nov 19 
Snakes,Baby Sunset Redtail Boa,Boa constrictor x imperator,$299.99,03. Nov 19 
Inverts,Yellow Banded Pinktoe Tarantula,Avicularia juruensis,$69.99,03. Nov 19 
Lizards,Western Fence Lizard,Sceloporus occidentalis,$19.99,03. Nov 19 
Amphibians,Anthony’s Dart Frog,Epipedobates anthonyi,$34.99,03. Nov 19 
Turtles,New Guinea Stream Turtle,null,$59.99,03. Nov 19 
Snakes,Baby Albino Super Anaconda Hognose Snake,null,$349.99,03. Nov 19 
Inverts,Chilean Dwarf Scorpion,Bothreas Gervaisii,$34.99,07. Nov 19 
Inverts,Mexican Pink Tarantula,Brachypelma klaasi,$99.99,07. Nov 19 
Geckos,Mack Snow Raptor Leopard Gecko,Eublepharis macularius,$64.99,07. Nov 19 
Snakes,Baby Zebra Jaguar Carpet Python,Morelia spilota cheynei,$599.99,07. Nov 19 
Amphibians,Two Line Salamander,Eurycea bislineata,$9.99,07. Nov 19 
Turtles,Baby Geographic Map Turtle,Graptemys geographica,$39.99,07. Nov 19 
Snakes,Baby Ultramel Anery Cornsnake,Pantherophis guttatus,$74.99,07. Nov 19 
Amphibians,Grey Chubby Frog,Kaloula sp.,$9.99,07. Nov 19 
Turtles,Baby Lime Green Albino Red Ear Slider Turtle,Trachemys scripta elegans,$299.99,07. Nov 19 
Turtles,Baby Chinese Box Turtle,Cuora flavomarginata,$179.99,07. Nov 19 
Amphibians,Green Fantasy Pacman Frog,C. cornuta X C. cranwelli,$34.99,07. Nov 19 
Turtles,Mata Mata Turtle,Chelus fimbriata,$224.99,07. Nov 19 
Inverts,Borneo Black Tarantula,Lampropelma sp.,$34.99,07. Nov 19 
Snakes,Scarlet Kingsnake,Lampropeltis triangulum elapsoides,$124.99,07. Nov 19 
Inverts,Guatemalan Tiger Rump Tarantula,Davus pentalore,$99.99,30. Oct 19 
Snakes,Yellow Bellied Puffing Snake,null,$499.99,30. Oct 19 
Geckos,Bibron’s Gecko,null,$14.99,29. Oct 19 
Snakes,Madagascar Cat Eye Snake,Madagascarophis colubrinus,$174.99,29. Oct 19 
Lizards,Puerto Rican Crested Anole,Anolis cristatellus cristatellus,$6.99,29. Oct 19 
Lizards,Black Eye Abronia Graminea,null,$349.99,27. Oct 19 
Snakes,Baby Banana Albino California Kingsnake,Lampropeltis getula californiae,$149.99,26. Oct 19 
Tegus,Anery Snowmaker Tegu,Tupinambis Merianae X Tupinambis rufescens,$699.99,26. Oct 19 
Tegus,Baby Merica Tegu,null,$699.99,26. Oct 19 
Amphibians,Yellow Sipaliwini Tinctorius Dart Frog,null,$39.99,26. Oct 19 
Lizards,Baby Spanish Jeweled Lacerta,Timon lepidus,$74.99,07. Nov 19 
Snakes,Baby Irian Jaya Caramel Carpet Python,Morelia spilota variegata,$149.99,07. Nov 19 
Amphibians,Super Green Auratus Dart Frog,Dendrobates auratus,$39.99,07. Nov 19 
Inverts,Giant South African Flat Rock Scorpion,Hadogenes troglodytes,$24.99,06. Nov 19 
Inverts,African Bark Scorpion,Hottentotta sp.,$24.99,06. Nov 19 
Geckos,Baby Tibetan Frog Eye Gecko,Teratoscincus roborowskii,$24.99,06. Nov 19 
Turtles,Three Stripe Mud Turtle,Kinosternon baurii,$59.99,06. Nov 19 
Inverts,Ornate Tiger Tarantula,Poecilotheria ornata,$39.99,06. Nov 19 
Lizards,Ambanja Panther Chameleon,Furcifer pardalis,$299.99,06. Nov 19 
Amphibians,Adult Brown Suriname Horned Frog,Ceratophrys cornuta,$49.99,06. Nov 19 
Inverts,Brown Tree Tarantula,tapinauchenius sp.,$24.99,06. Nov 19 
Snakes,Tiger Rat Snake,Spilotes pullatus,$224.99,06. Nov 19 
Snakes,Baby Albino Nelson’s Milksnake,Lampropeltis triangulum nelsoni,$74.99,19. Oct 19 
Snakes,Baby Jayapura Green Tree Python,Morelia viridis,$399.99,19. Oct 19 
Inverts,Tailless Whip Scorpion,Damon variegatus,$19.99,18. Oct 19 
Amphibians,Crested Toad,Rhinella margaritifera,$24.99,18. Oct 19 
Amphibians,High Red Dragon Wing Ornate Pacman Frog,Ceratophrys cranwelli,$49.99,18. Oct 19 
Inverts,Stout Leg Baboon Tarantula,Eurcratoscelus pachypus,$14.99,18. Oct 19 
Lizards,Solomon Island Black Tree Skink,null,$39.99,18. Oct 19 
Inverts,Giant Thorny Phasmid,Eurycantha calcarata,$24.99,17. Oct 19 
Amphibians,Marbled Salamander,null,$19.99,17. Oct 19 
Lizards,9 to 11 inch Translucent Veiled Chameleon,null,$84.99,06. Nov 19 
Turtles,Baby Common Snapping Turtles,null,$9.99,06. Nov 19 
Inverts,Dark Earth Tiger Tarantula,chilobrachys huahini,$34.99,06. Nov 19 
Snakes,Baby Black-Necked Gartersnake,Thamnophis cyrtopsis,$39.99,06. Nov 19 
Lizards,Adult Spiny Tailed Iguana,Ctenasaura similis,$49.99,06. Nov 19 
Snakes,Baby Coastal Carpet Python,Morelia spilota mcdowelli,$99.99,06. Nov 19 
Snakes,Meruke Amethystine Python,Morelia amethystina,$299.99,06. Nov 19 
Inverts,Budwing Mantis,Parasphendale Budwing,$34.99,06. Nov 19 
Turtles,Ornate Wood Turtle,Rhinoclemmys pulcherimma manni,$39.99,06. Nov 19 
Snakes,Baby Lavendar Flame Brooks Kingsnake,Lampropeltis getula brooksi,$124.99,06. Nov 19 
Inverts,Thai Giant Walking Stick Insect,Pharnacia sp.,$24.99,06. Nov 19 
Turtles,Baby Mississippi Mud Turtle,Kinosternon subrubrum hippocrepis,$29.99,06. Nov 19 
Turtles,Baby Pastel Florida Softshell Turtle,Apalone ferox,$49.99,05. Nov 19 
Lizards,Yellow Throated Plated Lizard,Gerrhosaurus flavigularis,$19.99,05. Nov 19 
Inverts,Tunisian Fat Tail Scorpion,Androctonus australis,$39.99,05. Nov 19 
Tegus,Baby Caiman Lizard,Dracaena guianensis,$499.99,05. Nov 19 
Amphibians,Melanoid Axolotl,Ambystoma mexicanum,$24.99,05. Nov 19 
Snakes,Eastern Blue Garter Snake,Thamnophis sirtalis similis,$49.99,05. Nov 19 
Lizards,Roundtail Horned Lizard,null,$249.99,08. Oct 19 
Geckos,Baby Aptor Leopard Gecko,Eublepharis macularius,$39.99,08. Oct 19 
Snakes,Baby Mexican Milksnake,Lampropeltis triangulum annulata,$49.99,07. Oct 19 
Snakes,Baby Dice Water Snake,Natrix tessellata,$24.99,07. Oct 19 
Amphibians,Colorado River Toad,Incilius alvarius,$39.99,06. Oct 19 
Snakes,Baby Cyclops Mountain Green Tree Python,Morelia viridis,$449.99,06. Oct 19 
Venomous,Papuan Black Snake,null,$799.99,06. Oct 19 
Inverts,Mexican Red Leg Tarantula,Brachypelma emilia,$149.99,06. Oct 19 
Lizards,Baby Inferno Bearded Dragon,Pogona vitticeps,$74.99,05. Oct 19 
Lizards,Graceful Chameleon,Chamaeleo Gracilis,$14.99,05. Nov 19 
Snakes,Queen Snake,null,$34.99,05. Nov 19 
Amphibians,Phyllobates aurotaenia,Phyllobates aurotaenia,$24.99,05. Nov 19 
Amphibians,Cave Salamander,Eurycea lucifuga,$39.99,05. Nov 19 
Lizards,Crested Dragon,null,$29.99,05. Nov 19 
Lizards,Monkey Tailed Skink,null,$849.99,05. Nov 19 
Snakes,Baby Caramel Motley Cornsnake,Pantherophis guttatus,$59.99,05. Nov 19 
Snakes,Baby Pied Ball Python,null,$349.99,05. Nov 19 
Snakes,Baby Scaleless Everglades Ratsnake,Elaphe obsoleta rossalleni,$149.99,05. Nov 19 
Inverts,South American Bark Scorpion,Tityus Paramensis,$64.99,05. Nov 19 
Turtles,Baby Southern Painted Turtle,Chrysemys picta dorsalis,$29.99,05. Nov 19 
Lizards,Pygmy Mulga Monitor,Varanus gilleni,$349.99,05. Nov 19 
Snakes,Baby Brazilian Rainbow Boa,Epicrates cenchria,$199.99,05. Nov 19 
Lizards,Senegal Chameleon,Chamaeleo senegalensis,$29.99,05. Nov 19 
Lizards,Guyana Collard Lizard,Tropidurus hispidus,$14.99,05. Nov 19 
Snakes,Baby Albino Sinaloan Milksnake,Lampropeltis triangulum,$74.99,30. Sep 19 
Lizards,Zebra Tailed Lizards,null,$14.99,30. Sep 19 
Amphibians,Super Blue Auratus Dart Frog,Dendrobates auratus,$39.99,30. Sep 19 
Venomous,Baby Albino Het Scaleless Western Diamondback Rattlesnake,Crotalus atrox,$349.99,30. Sep 19 
Inverts,Black Fat Tail Scorpion,null,$34.99,30. Sep 19 
Snakes,Baby Irian Jaya Zebra Carpet Python,Morelia spilota variegata x cheynei,$174.99,29. Sep 19 
Lizards,South African Flat Rock Lizard,Platysaurus guttatus,$29.99,28. Sep 19 
Snakes,Baby Black Blood Python,Python curtus,$149.99,27. Sep 19 
Geckos,Yellow-Headed Dwarf Gecko,Gonatodes albogularis fuscus,$39.99,27. Sep 19 
Lizards,Boehme’s Two-Horned Chameleon,null,$74.99,26. Sep 19 
Turtles,Baby Rio Grande Red Ear Slider Turtle,Trachemys scripta elegans,$19.99,04. Nov 19 
Lizards,Uromastyx Princeps,null,"$1,199.99",04. Nov 19 
Inverts,Giant African Mantis,null,$24.99,04. Nov 19 
Lizards,Baby Grand Cayman Blue Iguana,null,$399.99,04. Nov 19 
Inverts,Goliath Birdeater Tarantula,Theraphosa stirmi,$59.99,04. Nov 19 
Inverts,Red Spotted Assassin Bug,null,$39.99,04. Nov 19 
Inverts,Carolina Praying Mantis,Stagmomantis carolina,$14.99,04. Nov 19 
Snakes,Jayapura Green Tree Python,Morelia viridis,$599.99,04. Nov 19 
Lizards,6-8 Inch Red Leatherback Bearded Dragon,Pogona vitticeps,$59.99,04. Nov 19 
Turtles,Baby Mexican Ornate Slider Turtle,Trachemys venusta venusta,$24.99,04. Nov 19 
Lizards,Ornate Uromastyx,null,$249.99,04. Nov 19 
Lizards,6 To 8 Inch High White Translucent Veiled Chameleon,Chamaeleo calyptratus,$59.99,04. Nov 19 
Inverts,Brazilian Red And White Tarantula,Lasiodora cristata,$34.99,04. Nov 19 
Snakes,Baby Ghost Western Hognose Snake,Heterodon nasicus,$449.99,04. Nov 19 
Lizards,Baby Northern Blue Tongue Skink,T. scincoides intermedia,$399.99,04. Nov 19 
Snakes,Baby Peanut Butter Pink Pearl Snow Kingsnake,Lampropeltis getula floridana,$249.99,04. Nov 19 
Geckos,Baby Blizzard Leopard Gecko,Eublepharis macularius,$39.99,04. Nov 19 
Inverts,Borneo Purple Earth Tiger Tarantula,Cyriopagopus hati hati,$39.99,04. Nov 19 
Venomous,Mexican Beaded Lizard,Heloderma horridum,$999.99,18. Sep 19 
Lizards,Armadillo Lizard,Cordylus Tropidosternum,$19.99,18. Sep 19 
Lizards,Baby Merauke Blue Tongue Skink,Tiliqua gigas,$149.99,15. Sep 19 
Inverts,Malaysian Prickly Stick Insect,Heteropteryx dilatata,$24.99,14. Sep 19 
Snakes,Baby Bredl Jaguar Carpet Python,Morelia spilota,$149.99,12. Sep 19 
Lizards,Baby Argus Monitor,Varanus panoptes,$349.99,12. Sep 19 
Venomous,Baby Cape Coral Cobra,Aspidelaps lubricus lubricus,$299.99,11. Sep 19 
Snakes,Baby Blotched Kingsnake,Lampropeltis getula goini,$59.99,11. Sep 19 
Lizards,Great AngleHead Lizard,Gonocephalus grandis,$49.99,11. Sep 19 
Amphibians,Chubby Frog,null,$12.50,03. Nov 19 
Lizards,Abronia Vasconcelosii,Abronia vasconcelosii,$499.99,03. Nov 19 
Snakes,Baby Candino Ball Python,Python regius,$249.99,03. Nov 19 
Snakes,Yearling San Marcos Island Rosy Boa,Lichanura trivirgata trivirgata,$124.99,03. Nov 19 
Lizards,Timor Monitor,Varanus timorensis,$149.99,03. Nov 19 
Lizards,Baby Panda Dragons,null,$449.99,03. Nov 19 
Inverts,Venezuelan Redstripe Pink Toe Tarantula,Avicularia minatrix,$54.99,03. Nov 19 
Tortoises,Baby Indian Star Tortoise,null,$349.99,03. Nov 19 
Amphibians,C.B. Baby Australian Dumpy Tree Frog,Litoria caerulea,$19.99,03. Nov 19 
Geckos,Crocodile Gecko,Tarentola mauritanica,$19.99,03. Nov 19 
Geckos,Fringe Fingered Gecko,Ptyodactylus guttatus(ragazzii),$14.99,03. Nov 19 
Lizards,Desert Agama,Trapelus mutabilis,$59.99,03. Nov 19 
Inverts,Colombian Giant Copperhead Tarantula,Pamphobeteus fortis,$149.99,03. Nov 19 
Amphibians,Blotched Tiger Salamander,Ambystoma tigrinum melanostictum,$24.99,03. Nov 19 
Amphibians,Blue Sipaliwini Tinctorius Dart Frog,Dendrobates tinctorius,$39.99,03. Nov 19 
Snakes,Baby Caramel Snow Western Hognose Snake,null,$699.99,03. Nov 19 
Turtles,Caramel Pink Albino Red Ear Slider Turtle,null,"$1,199.99",03. Nov 19 
Amphibians,Nicaragua Strawberry Pumilio Dart Frog,Dendrobates pumilio,$34.99,09. Sep 19 
Geckos,Baby Sarasinorum Gecko,Correlophus sarasinorum,$149.99,09. Sep 19 
Amphibians,Bronze Mantella,Mantella betsileo,$29.99,09. Sep 19 
Geckos,Baby Crimson Giant Day Gecko,Phelsuma grandis,$39.99,09. Sep 19 
Inverts,Chilean Emerald Tarantula,Paraphysa sp,$29.99,09. Sep 19 
Inverts,Violin Mantis,Gongylus gongylodes,$34.99,09. Sep 19 
Lizards,Major Plated Lizard,Gerrhosaurus Major,$49.99,09. Sep 19 
Snakes,Baby Scaleless Head Banana Ball Python,Python regius,$799.99,09. Sep 19 
Lizards,Baby Egyptian Uromastyx,"***BABIES DUE TO ARRIVE IN 2 TO 3 WEEKS, DEPOSITS ARE $100.00 WITH THE $199.99 BALANCE DUE UPON ARRIVAL***",$100.00,09. Sep 19 
Geckos,Baby Enigma Leopard Gecko,Eublepharis macularius,$34.99,09. Sep 19 
Inverts,Thailand Fawn Tarantula,Chilobrachys Huahini,$29.99,02. Nov 19 
Lizards,Baby Yellow Quince (V. melinus) Monitor,Varanus melinus,$324.99,02. Nov 19 
Tortoises,Baby Cherryhead Redfoot Tortoise,Chelonoidis carbonaria,$224.99,02. Nov 19 
Lizards,Baby Blackthroat Monitor,Varanus albigularis ionidesi,$374.99,02. Nov 19 
Lizards,Baby Starred Agama,Stellagama stellio,$49.99,02. Nov 19 
Lizards,Baby Desert Horned Lizard,Phrynosoma platyrhinos,$24.99,02. Nov 19 
Turtles,Madagascan Big Head Turtle,Erymnochelys madigascariensis,$399.99,02. Nov 19 
Inverts,Giant Asian Green Mantis,Hierodula membranacea,$24.99,02. Nov 19 
Inverts,Eastern Bark Centipede,Hemiscolopendra marginata,$19.99,02. Nov 19 
Inverts,Brazilian Wooly Black Tarantula,null,$64.99,02. Nov 19 
Turtles,Baby Hypo Florida Softshell Turtle,Apalone ferox,$149.99,02. Nov 19 
Snakes,River Road Grey Banded Kingsnake,Lampropeltis alterna,$149.99,02. Nov 19 
Inverts,Pinktoe Tarantula,Avicularia avicularia,$9.99,02. Nov 19 
Turtles,Baby Eastern Painted Turtle,null,$29.99,06. Sep 19 
Lizards,Emerald Tree Skink,Lamprolepis smaragdina,$49.99,06. Sep 19 
Snakes,Baby Super Salmon Snow Cornsnake,null,$84.99,06. Sep 19 
Lizards,Curly Tail Lizard,null,$9.99,06. Sep 19 
Inverts,Purple Bloom Tarantula,Pamphobeteus machala,$54.99,06. Sep 19 
Turtles,Twistneck Turtle,Platemys platycephala,$49.99,06. Sep 19 
Snakes,Baby Yellow Ratsnake,Pantherophis obsoleta quadrivittata,$29.99,06. Sep 19 
Geckos,Mossy Leaf Tailed Gecko,Uroplatus sikorae,$379.99,05. Sep 19 
Inverts,Venezuelan Suntiger Tarantula,Psalmopoeus irminia,$39.99,02. Nov 19 
Amphibians,Barking Tree Frog,Hyla gratoisa,$19.99,02. Nov 19 
Amphibians,Strawberry Pineapple Pacman Frog,Ceratophrys cranwelli,$24.99,02. Nov 19 
Venomous,Baby Mexican Beaded Lizard,Heloderma horridum,$599.99,02. Nov 19 
Snakes,Baby Guyana Redtail Boa,null,$174.99,02. Nov 19 
Isopods,Porcellio Laevis “Orange” Isopods,Porcellio Laevis,$14.99,02. Nov 19 
Lizards,Adult Baja Blue Rock Lizard,Petrosaurus thalassinus,$299.99,02. Nov 19 
Turtles,Baby Asian Yellow Pond Turtle,null,$149.99,02. Nov 19 
Venomous,Yellow Flat Nose Bamboo Pit Viper,Trimeresurus puniceus,$599.99,02. Nov 19 
Amphibians,Leucistic Spanish Ribbed Newts,Pleurodeles waltl,$29.99,02. Nov 19 
Snakes,Baby Scaleless Head Butter Pastel Ball Python,Python regius,$399.99,02. Nov 19 
Snakes,Baby Aberrant Albino California Kingsnake,Lampropeltis getula californiae,$149.99,02. Nov 19 
Lizards,Baby Green Ameiva,Ameiva ameiva,$11.99,02. Nov 19 
Inverts,Rose Hair Tarantula,Gramastola rosea,$19.99,02. Nov 19 
Geckos,Marble Gecko,Christinus marmoratus,$9.99,02. Nov 19 
Inverts,Salmon Pink Birdeater Tarantula,Lasiodora parahybana,$24.99,02. Nov 19 
Lizards,Baby Cuban Knight Anole,Anolis equestris,$9.99,02. Nov 19 
Inverts,Twin Spot African Mantis,Sphodromantis aurea,$24.99,02. Nov 19 
Amphibians,Ruby Eye Tree Frog,Leptopeltis uluguruensis,$34.99,01. Nov 19 
Lizards,African Blue Tail Skink,Trachylepis quinquetaeniata,$6.99,01. Nov 19 
Venomous,Tanzanian Puff Adder,null,$149.99,02. Sep 19 
Lizards,Baby Irian Jaya X Northern Blue Tongue Skink,null,$299.99,02. Sep 19 
Snakes,Papuan Boa,Candoia carinata,$79.99,01. Sep 19 
Snakes,Baby Apricot Pueblan Milksnake,Lampropeltis triangulum campbelli,$49.99,01. Sep 19 
Snakes,Baby Superconda Western Hognose Snake,Heterodon nasicus,$199.99,01. Sep 19 
Snakes,Baby Dome Rock Rosy Boa,Lichanura trivirgata arizonae,$89.99,31. Aug 19 
Turtles,Baby Pastel Red Ear Slider Turtle,Trachemys scripta elegans,$149.99,01. Nov 19 
Amphibians,Dwarf Pixie Frog,Pyxicephalus edulis,$19.99,01. Nov 19 
Inverts,Cameroon Red Baboon Tarantula,Hysterocrates gigas,$29.99,01. Nov 19 
Inverts,Metallic Pinktoe Tarantula,Avicularia metallica,$24.99,01. Nov 19 
Amphibians,Fire Salamander,Salamandra salamandra,$24.99,01. Nov 19 
Lizards,Baby Green Basilisk,Basiliscus plumifrons,$24.99,01. Nov 19 
Inverts,Egyptian Yellow Fat Tail Scorpion,null,$39.99,01. Nov 19 
Inverts,Brazilian Black Tarantula,Grammostola pulchra,$99.99,31. Oct 19 
Turtles,Baby Pastel Yellowbelly Slider Turtle,null,$249.99,31. Oct 19 
Inverts,Texas Brown Tarantula,null,$29.99,31. Oct 19 
Snakes,Baby Hypo Lavender Cornsnake,Pantherophis guttatus,$59.99,31. Oct 19 
Tegus,Baby Albino Purple Tiger Tegu,null,"$3,499.99",31. Oct 19 
Snakes,Yearling Hypo Motley Costa Rican Boa,Boa constrictor x imperator,$399.99,31. Oct 19 
Lizards,Baby Melanistic Green Ameiva,Ameiva ameiva,$899.99,31. Oct 19 
Snakes,Yearling Borrego Springs Rosy Boa,null,$124.99,31. Oct 19 
Snakes,Baby Egyptian False Cobra,Malpolon moilensis,$249.99,27. Aug 19 
Snakes,Matrix Blood Python,Python curtus,$174.99,27. Aug 19 
Lizards,Jeweled Chameleon,Furcifer campani,$79.99,27. Aug 19 
Tortoises,Adult Pancake Tortoise,Malacochersus tornieri,$799.99,27. Aug 19 
Lizards,Painted Agama,Laudakia stellio brachydactyla,$99.99,27. Aug 19 
Geckos,Steudner’s Pygmy Gecko,Tropiocolotes steudneri,$19.99,27. Aug 19 
Lizards,Red And Black Chuckwalla,Sauromalus ater,$299.99,27. Aug 19 
Turtles,Baby Pinkbelly Snapping Turtle,Elseya novaeguineae,$59.99,27. Aug 19 
Lizards,Baby Abronia Mixteca (Mexican Alligator Lizard),Abronia mixteca,$99.99,27. Aug 19 
Amphibians,Reed Frog,Hyperolius Sp.,$6.99,27. Aug 19 
Turtles,Baby Oaxaca Mud Turtle,null,$199.99,31. Oct 19 
Snakes,Lesser Ball Python,null,$74.99,31. Oct 19 
Inverts,Desert Hairy Scorpion,Hadrurus arizonensis,$19.99,31. Oct 19 
Turtles,Baby Albino Red Eared Slider Turtle,Trachemys scripta elegans,$249.99,31. Oct 19 
Amphibians,Albino Axolotl,Ambystoma mexicanum,$24.99,30. Oct 19 
Lizards,Baby Kordensis Green Tree Monitor,null,"$1,199.99",30. Oct 19 
Inverts,King Baboon Tarantula,Pelinobius muticus,$29.99,30. Oct 19 
Lizards,Storr’s Monitor,null,$499.99,30. Oct 19 
Lizards,Brown Pricklenape,Acanthosaura lepidogaster,$14.99,30. Oct 19 
Amphibians,Baby C.B. Bird Poop Tree Frog,Theloderma asperum,$29.99,30. Oct 19 
Amphibians,Hourglass Frog,Dendropsophus ebraccatus,$24.99,30. Oct 19 
Snakes,Baby Irian Jaya x Jungle Jaguar Carpet Python,Morelia spilota variegata,$199.99,30. Oct 19 
Amphibians,Alanis Tinctorius Dart Frog,Dendrobates tinctorious,$39.99,30. Oct 19 
Inverts,Togo Starburst Baboon Tarantula,Heteroscrodra maculata,$24.99,30. Oct 19 
Snakes,Baby Anery Brooks Kingsnake,null,$44.99,30. Oct 19 
Amphibians,El Cope Auratus Dart Frog,Dendrobates auratus,$24.99,30. Oct 19 
Geckos,Satanic Leaftail Gecko,Uroplatus phantasticas,$599.99,30. Oct 19 
Lizards,Kordensis Green Tree Monitor,Varanus kordensis,$599.99,21. Aug 19 
Amphibians,Asian Toad,Duttaphrynus melanostictus,$7.99,21. Aug 19 
Inverts,African Long Tailed Centipede,Rhysida longipes,$9.99,21. Aug 19 
Lizards,Leopard Lizard,Gambelia wislizenii,$19.99,20. Aug 19 
Lizards,Baby Solomon Island Mangrove Monitor,Varanus indicus,$199.99,20. Aug 19 
Amphibians,Green And Black Mantella,Mantella nigricans,$39.99,20. Aug 19 
Amphibians,Guibé’s mantella,Mantella nigricans,$39.99,19. Aug 19 
Snakes,Baby Strawberry Cornsnake,Pantherophis guttatus,$39.99,19. Aug 19 
Venomous,Mangrove Snakes,Boiga dendrophila,$99.99,19. Aug 19 
Inverts,Purple Starburst Birdeater Tarantula,null,$69.99,19. Aug 19 
Lizards,Saharan Red Uromastyx,Uromastyx geyri,$74.99,29. Oct 19 
Inverts,Malaysian Vinegaroon,Hypoctonus rangunensis,$29.99,29. Oct 19 
Venomous,Copperhead Snake,Agkistrodon contortrix,$99.99,29. Oct 19 
Amphibians,Dumpy Tree Frog,Litoria caerulea,$24.99,29. Oct 19 
Geckos,White Lined Gecko,Gekko vittatus,$19.99,29. Oct 19 
Lizards,Mt Meru Chameleons,Trioceros jacksonii merumontanus,$79.99,29. Oct 19 
Amphibians,Spiny Rain Frog,Scaphiophyrne pustulosa,$59.99,29. Oct 19 
Lizards,Baby Albino Iguana,Iguana iguana,$849.99,29. Oct 19 
Snakes,Egyptian False Cobra,Malpolon moilensis,$199.99,29. Oct 19 
Inverts,Moon Crab,Gecarcinus quadratus,$11.99,29. Oct 19 
Snakes,Yearling Super Sunset Boa,Boa constrictor x imperator,$399.99,29. Oct 19 
Inverts,Dictator Emperor Scorpion,Pandinus dictator,$29.99,29. Oct 19 
Inverts,Himalayan Earth Tiger Tarantula,Haplocosmia himalayana,$59.99,29. Oct 19 
Snakes,Baby Merauke Green Tree Python,Morelia vridis,$399.99,29. Oct 19 
Snakes,Baby Ghost Brooks Kingsnake,Lampropeltis getula floridana,$99.99,29. Oct 19 
Amphibians,Albino Pacman Frog,Ceratophrys cranwelli,$14.99,29. Oct 19 
Lizards,Flapneck Chameleon,Chamaeleo dilepis,$34.99,29. Oct 19 
Snakes,Baby Axanthic Florida Kingsnake,Lampropeltis getula floridana,$59.99,14. Aug 19 
Amphibians,Green Tree Frog,Hyla cinerea,$3.99,14. Aug 19 
Amphibians,New Mexico Spadefoot Toad,Spea multiplicata,$6.99,13. Aug 19 
Geckos,Cameroon Dwarf Gecko,Lygodactylus conraui,$14.99,13. Aug 19 
Inverts,Asian Forest Scorpion,null,$19.99,13. Aug 19 
Tegus,Baby Argentine Black and White Tegu,TUPINAMBIS MERIANAE,$199.99,12. Aug 19 
Snakes,Baby Tiger Coastal Carpet Python,Morelia spilota mcdowelli,$149.99,12. Aug 19 
Snakes,Baby Albino Florida Kingsnake,null,$59.99,12. Aug 19 
Amphibians,Marbled Hopper Frogs,Scaphiophryne marmorata,$39.99,12. Aug 19 
Inverts,Warrior Beetle,Pasimachus californicus,$19.99,28. Oct 19 
Lizards,Abronia Smithi,Abronia Smithi,$499.99,28. Oct 19 
Venomous,Baby Angolan Coral Cobra,Aspidelaps lubricus cowlesi,$199.99,28. Oct 19 
Lizards,6-8 Inch Hypo Bearded Dragon,Pogona vitticeps,$54.99,28. Oct 19 
Snakes,Baby Albino Anaconda Western Hognose Snake,Heterodon nasicus,$224.99,28. Oct 19 
Lizards,Baby Dumerils Monitor,Varanus Dumerilii,$349.99,28. Oct 19 
Amphibians,Mozambique Rain Frog,Breviceps mossambicus,$39.99,28. Oct 19 
Lizards,6 to 8 inch Veiled Chameleon,Chamaeleo calyptratus,$54.99,28. Oct 19 
Amphibians,Southern Toad,Anaxyrus terrestris,$4.99,28. Oct 19 
Inverts,Unicorn Mantis,null,$59.99,28. Oct 19 
Geckos,Baby Flying Gecko,Ptychozoon kuhli,$24.99,28. Oct 19 
Lizards,Baby Ornate Nile Monitor,Varanus ornatus,$34.99,28. Oct 19 
Snakes,Goldenchild Reticulated Python,null,$399.99,28. Oct 19 
Inverts,Ivory Millipede,Chicobolus spinigerus,$6.99,28. Oct 19 
Amphibians,Big Eye Tree Frog,Leptopelis vermiculatus,$11.99,28. Oct 19 
Lizards,Carpet Chameleon,null,$74.99,28. Oct 19 
Turtles,Yearling Southern Black Knob Map Turtles,Graptemys nigrinoda delticola,$199.99,01. Aug 19 
Turtles,Baby Northern Redbelly Slider Turtle,Pseudemys rubriventris,$39.99,01. Aug 19 
Snakes,Baby Blue Garter Snake,null,$14.99,31. Jul 19 
Lizards,Baby Rhino Iguana,Cyclura cornuta,$499.99,31. Jul 19 
Snakes,Baby Sorong Green Tree Python,null,$449.99,30. Jul 19 
Geckos,Baby Tangerine Leopard Gecko,Eublepharis macularius,$24.99,29. Jul 19 
Lizards,6 – 8 Inch Translucent Veiled Chameleon,Chamaeleo calyptratus,$59.99,29. Jul 19 
Lizards,Baby American Alligator,Alligator mississippiensis,$149.99,28. Jul 19 
Isopods,Agabiformus Lentus Isopod,Agabiformus Lentus,$9.99,27. Jul 19 
Lizards,Baby Smooth-Fronted Caiman,Paleosuchus trigonatus,$199.99,25. Jul 19 
Inverts,Peruvian Giant Centipede,Scolopendra galapagoensis,$299.99,27. Oct 19 
Amphibians,Green Sipaliwini Dart Frog,Dendrobates tinctorius,$39.99,27. Oct 19 
Snakes,Crowned Leaf Nose Snake,Lytorhynchus diadema,$49.99,27. Oct 19 
Inverts,Giant Forest Mantis,Hierodula majuscula,$14.99,27. Oct 19 
Snakes,Adult Biak Green Tree Python,Morelia viridis,$499.99,27. Oct 19 
Snakes,Baby Licorice Rat Snake,Elaphe obsoleta obsoleta,$44.99,27. Oct 19 
Lizards,Baby Painted Agama,Laudakia stellio brachydactyla,$69.99,27. Oct 19 
Lizards,Tamatave Panther Chameleon,Furcifer pardalis,$349.99,27. Oct 19 
Snakes,Adult Albino Corn Snake,Pantherophis guttatus,$74.99,27. Oct 19 
Snakes,Baby Snow Motley Cornsnake,Pantherophis guttatus,$69.99,27. Oct 19 
Tegus,Albino Ultra Purple Tegu #2,SALVATOR MERIANAE X RUFESCENS,"$2,499.99",27. Oct 19 
Turtles,Baby Yellow Mud Turtle,Kinosternon flavescens,$79.99,27. Oct 19 
Inverts,Mexican Red Leg Tarantula,Brachypelma emilia,$84.99,27. Oct 19 
Snakes,Baby Sunglow Colombian Redtail Boa,Boa constrictor imperator,$374.99,27. Oct 19 
Lizards,Haitain Galliwasp,null,$149.99,27. Oct 19 
Geckos,Malaysian Cat Eye Gecko,Aeluroscalabotes felinus,$74.99,27. Oct 19 
Snakes,Baby Northern Pine Snake,Pituophis melanoleucus,$64.99,27. Oct 19 
Snakes,Baby Desert Kingsnake,Lampropeltis getula splendida,$59.99,16. Jul 19 
Tortoises,Home’s Hingeback Tortoise,Kinixys homeana,$59.99,15. Jul 19 
Lizards,Solomon Island Ground Skink,Eugongylus albofasciolatus,$124.99,15. Jul 19 
Snakes,Baby Everglades Ratsnake,Elaphe obsoleta rossalleni,$99.99,14. Jul 19 
Inverts,Vietnamese Centipede,Scolopendra dehaani,$19.99,13. Jul 19 
Lizards,Madagascan Spiny Tail Iguana (Grandidieri),Oplurus grandidieri,$39.99,12. Jul 19 
Lizards,Desert Collared Lizard,Crotaphytus bicinctores,$24.99,10. Jul 19 
Snakes,Baby Coastal Jaguar Carpet Python,Morelia spilota mcdowelli,$149.99,10. Jul 19 
Inverts,Emerald Skeleton Tarantula,Ephebopus uatuman,$34.99,09. Jul 19 
Lizards,Mountain Horned Lizard,Acanthosaura capra,$14.99,26. Oct 19 
Geckos,Baby Leucistic Albino Leopard Gecko,Eublepharis macularius,$44.99,26. Oct 19 
Lizards,Lined Skink,Plestiodon fasciatus,$9.99,26. Oct 19 
Turtles,Adult Eastern Mud Turtle,null,$29.99,26. Oct 19 
Amphibians,Firebelly Toad,Bombina orientalis,$14.99,26. Oct 19 
Lizards,Baby Desert Collared Lizard,null,$24.99,26. Oct 19 
Snakes,Baby Irian Jaya x Coastal Carpet Python,null,$74.99,26. Oct 19 
Lizards,Baby Kei Island Blue Tongue Skink,Tiliqua gigas keyensis,$349.99,26. Oct 19 
Snakes,Baby Checkered Garter Snake,Thamnophis marcianus,null,26. Oct 19 
Lizards,3-4 Foot Green Iguana,Iguana iguana,$29.99,26. Oct 19 
Amphibians,Albino Red Eyed Tree Frog,Agalychnis callidryas,$59.99,26. Oct 19 
Snakes,Baby Arabesque Redtail Boa,null,$224.99,22. Jun 19 
Geckos,Central American Banded Gecko,Coleonyx mitratus,$24.99,20. Jun 19 
Tortoises,Hermann’s Tortoise,Testudo hermanni,$149.99,20. Jun 19 
Lizards,Emperor Flat Rock Lizard,Platysaurus imperator,$74.99,20. Jun 19 
Amphibians,Starfire Pacman Frog,null,$34.99,20. Jun 19 
Inverts,Indian Ornamental Tarantula,Poecilotheria regalis,$59.99,20. Jun 19 
Inverts,Dead Leaf Mantis,Deroplatys desiccata,$29.99,20. Jun 19 
Lizards,Tanimbar Blue Tongue Skink,T. scincoides chimaerea,$249.99,19. Jun 19 
Inverts,Emperor Scorpion,Pandinus imperator,$34.99,18. Jun 19 
Lizards,Baby Cayman Brac Iguana,Cyclura nubila caymanensis,$749.99,18. Jun 19 
Geckos,Madagascar Crimson Giant Day Gecko,null,$39.99,25. Oct 19 
Turtles,Narrow-Bridged Mexican Musk Turtle,Claudius angustatus,$199.99,25. Oct 19 
Lizards,5-6 Foot Green Iguanas,Iguana iguana,$199.99,25. Oct 19 
Snakes,Baby Hypo Western Hognose Snake,Heterodon nasicus,$249.99,25. Oct 19 
Snakes,Baby Bay Of LA Rosy Boas,Lichanura trivirgata saslowi,$99.99,25. Oct 19 
Turtles,Baby Southern River Cooter Turtle,Pseudemys Concinna Concinna,$6.99,25. Oct 19 
Tegus,Baby Albino Lemon Ice Tegu,TUPINAMBIS MERIANAE X TUPINAMBIS RUFESCENS,"$2,499.99",25. Oct 19 
Inverts,Feather Tail Centipede,Alipes grandidieri,$14.99,25. Oct 19 
Inverts,Egyptian Pygmy Mantis,Miomantis paykullii,$29.99,25. Oct 19 
Snakes,Vietnamese Vine Snake,Ahaetulla nasuta,$39.99,25. Oct 19 
Snakes,Baby Tiger Jaguar Coastal Carpet Python,Morelia spilota mcdowelli,$199.99,25. Oct 19 
Snakes,Baby Pastel Butter Ball Python,null,$109.99,24. Oct 19 
Geckos,Adult Tiger Crested Gecko,Correlophus ciliatus,$59.99,24. Oct 19 
Snakes,Asian Vine Snakes,Ahaetulla nasuta,$24.99,11. Jun 19 
Snakes,Baby Buf Amelanistic Cornsnake,Pantherophis guttatus,$99.99,09. Jun 19 
Lizards,Adult Caiman Lizard,Dracaena guianensis,$749.99,06. Jun 19 
Lizards,Medium Mountain Horned Lizard,null,$16.99,03. Jun 19 
Snakes,Adult Anery Stripe Kenyan Sand Boa,Eryx colubrinus,$174.99,01. Jun 19 
Tortoises,Russian Tortoise,Testudo horsfieldii,$49.99,31. May 19 
Venomous,Sterjeni’s Bamboo Pit Viper,Trimeresurus stejnegeri,$399.99,31. May 19 
Snakes,Baby Flame Brooks Kingsnake,Lampropeltis getula brooksi,$49.99,30. May 19 
Inverts,Brazilian Pink Bloom Tarantula,null,$79.99,29. May 19 
Lizards,Yellow Tree Monitor,Varanus Reisingeri,"$4,999.99",23. Oct 19 
Lizards,Wedge-Snouted Skink,Chalcides sepsoides,$24.99,23. Oct 19 
Lizards,Baby Dwarf Caiman,Paleosuchus palpebrosus,$299.99,23. Oct 19 
Snakes,Baby Granite Spotted Python,Antaresia maculosa,$89.99,23. Oct 19 
Lizards,Rudis Chameleon,Trioceros rudis,$39.99,23. Oct 19 
Turtles,Baby Razorback Musk Turtle,null,$34.99,23. Oct 19 
Inverts,Dune Scorpion,Smeringurus mesaensis,$9.99,23. Oct 19 
Snakes,Checkered Garter Snake,Thamnophis marcianus,$24.99,23. Oct 19 
Inverts,Pumpkin Patch Tarantula,null,$39.99,23. Oct 19 
Snakes,Baby Black Racer Snake,Coluber constrictor,$9.99,23. Oct 19 
Amphibians,Fleischmann’s Glass Frog,null,$29.99,23. Oct 19 
Turtles,Baby Two Headed Snapping Turtle,null,"$3,999.99",23. Oct 19 
Lizards,Brookesia Therezieni,Brookesia therezieni,$74.99,23. Oct 19 
Lizards,Calotes Versicolor,null,$11.99,23. Oct 19 
Amphibians,African Common Toad,Amietophrynus gutturalis,$4.99,25. May 19 
Lizards,Baby Morroccan Uromastyx,Uromastyx acanthinurus,$124.99,23. May 19 
Lizards,Baby Giant Mexican Horn Lizard,Phrynosoma asio,$149.99,23. May 19 
Lizards,Baby Abronia Taeniata,null,$149.99,23. May 19 
Lizards,Fire Skink,Lepidothyris fernandi,$24.99,23. May 19 
Lizards,6-8 Inch Citrus Bearded Dragon,Pogona vitticeps,$49.99,23. May 19 
Lizards,Sakishima Grass Lizard,Takydromus dorsalis,$224.99,23. May 19 
Snakes,Baby Dumeril’s Boa,Acrantophis dumerili,$224.99,23. May 19 
Turtles,Baby Eastern Mud Turtle,Kinosternon subrubrum hippocrepis,$34.99,22. May 19 
Snakes,2-3 Foot Gopher Snake,Pituophis catenifer sayi,$64.99,22. May 19 
Snakes,Baby Cornsnake,Pantherophis guttatus,$39.99,22. Oct 19 
Inverts,Skeleton Leg Tarantula,null,$34.99,22. Oct 19 
Lizards,Adult Cuban Knight Anole,Anolis equestris,$9.99,22. Oct 19 
Snakes,Baby Scaleless Head Banana Pastel Ball Python,Python regius,$499.99,22. Oct 19 
Amphibians,Cuban Tree Frog,Osteopilus septentrionalis,$4.99,22. Oct 19 
Turtles,Yearling Pearl River Map Turtle,“Pascagoula Map Turtle”,$124.99,22. Oct 19 
Snakes,Baby Barons Racers,Philodryas baroni,$149.99,22. Oct 19 
Snakes,Baby Albino Rosy Boas,Lichanura trivirgata,$149.99,22. Oct 19 
Snakes,Baby Argentine Boa Constrictor,Boa constrictor occidentalis,$174.99,22. Oct 19 
Amphibians,Yellowback Tinctorius Dart Frog,Dendrobates tinctorius,$39.99,22. Oct 19 
Amphibians,Marine Toad,Bufo marinus,$4.99,22. Oct 19 
Lizards,Baby Tanimbar Blue Tongue Skink,T. scincoides chimaerea,$249.99,22. Oct 19 
Amphibians,Squirrel Tree Frog,Hyla squirella,$2.99,22. Oct 19 
Amphibians,Couch’s Spadefoot Toad,null,$9.99,22. Oct 19 
Amphibians,Bird Poop Tree Frog,Hyla marmorata,$24.99,22. Oct 19 
Geckos,Baby Tokay Gecko,null,$20.00,22. Oct 19 
Snakes,Orange Banded Amazon Tree Boa,Corallus hortulanus,$199.99,16. May 19 
Amphibians,Large Tomato Frog,Dyscophus guineti,$29.99,15. May 19 
Venomous,Red Flat Nose Bamboo Pit Viper,Trimeresurus puniceus,$499.99,15. May 19 
Lizards,Juvenile Frilled Dragon,Chlamydosaurus kingii,$199.99,15. May 19 
Snakes,Baby Water Snake,Nerodia taxispilota,$19.99,15. May 19 
Tegus,Baby Ice Tegu,Tupinambis Merianae X Tupinambis rufescens,$349.99,15. May 19 
Amphibians,Great Plains Toad,Anaxyrus cognatus,$6.99,14. May 19 
Isopods,“Peach” Nosy Roly-Poly Isopods,Armadillidium nasatum,$9.99,14. May 19 
Geckos,Short Fingered Gecko,Stenodactylus sthenodactylus,$24.99,14. May 19 
Amphibians,Powder Grey Tinctorius Dart Frog,Dendrobates tinctorius,$34.99,21. Oct 19 
Turtles,Baby Vietnamese Pond Turtle,Mauremys annamensis,$74.99,21. Oct 19 
Amphibians,Clown Tree Frog,Hyla leucophyllata,$29.99,21. Oct 19 
Amphibians,Baby Tomato Frog,Dyscophus guineti,$34.99,21. Oct 19 
Lizards,Butterfly Agama,null,$24.99,21. Oct 19 
Lizards,Oaxacana Spiny tail iguana,Ctenosaura Oaxacana,$499.99,21. Oct 19 
Isopods,Dwarf White Isopods,Trichorhina tomentosa,$12.49,21. Oct 19 
Inverts,Mexican Fireleg Tarantula,Brachypelma boehmei,$89.99,21. Oct 19 
Lizards,Zonosaurus quadrileneatus,Zonosaurus quadrileneatus,$14.99,21. Oct 19 
Snakes,Yearling Albino Kenyan Sand Boa,Eryx colubrinus,$149.99,21. Oct 19 
Turtles,Yearling Northern Black Knob Map Turtles,Graptemys nigrinoda,$124.99,21. Oct 19 
Lizards,Mali Uromastyx,Uromastyx “dispar” maliensis,$74.99,21. Oct 19 
Tortoises,Baby Ivory Sulcata Tortoise,Centrochelys sulcata,$549.99,21. Oct 19 
Snakes,Baby Rusty Licorice Rat Snake,Elaphe obsoleta obsoleta,$49.99,21. Oct 19 
Snakes,Baby Albino Darwin’s Carpet Python,null,$299.99,21. Oct 19 
Snakes,Baby Irian Jaya Granite Carpet Python,Morelia spilota variegata,$249.99,21. Oct 19 
Lizards,Baby Eastern Collared Lizard,Crotaphytus collaris,$29.99,06. May 19 
Snakes,Saharan Sand Boa,Eryx colubrinus,$64.99,06. May 19 
Snakes,Baby Irian Jaya Carpet Python,Morelia spilota variegata,$99.99,04. May 19 
Snakes,Orange Patternless Amazon Tree Boa,Corallus hortulanus,$199.99,04. May 19 
Inverts,Tucson Blonde Tarantula,null,$39.99,03. May 19 
Venomous,Baby Flat Nose Bamboo Pit Viper,Trimeresurus puniceus,$124.99,03. May 19 
Snakes,Baby Merauke X Aru X Biak Green Tree Python,Morelia vridis,$449.99,03. May 19 
Turtles,Baby Pastel Hypo Mississippi Map Turtle,Graptemys pseudogeographica kohni,$499.99,02. May 19 
Geckos,Lined Day Gecko,null,$39.99,01. May 19 
Snakes,Awl Headed Snake,Lytorhynchus diadema,$99.99,29. Apr 19 
Snakes,Baby Magenta Florida Kingsnake,Lampropeltis getula floridana,$299.99,20. Oct 19 
Snakes,Baby Irian Jaya Jaguar Carpet Python,Morelia spilota variegata,$199.99,20. Oct 19 
Snakes,Baby Coral Ghost Cornsnake,Pantherophis guttatus,$49.99,20. Oct 19 
Lizards,Baby Green Iguana,Iguana iguana,$14.99,20. Oct 19 
Snakes,Baby Normal Corn Snake,Pantherophis guttatus,$24.99,20. Oct 19 
Snakes,Baby Hypo Sinaloan Milksnake,Lampropeltis triangulum,$74.99,20. Oct 19 
Snakes,Baby Tangerine Honduran Milksnake,Lampropeltis triangulum hondurensis,$99.99,20. Oct 19 
Lizards,Brookesia brygooi,null,$84.99,20. Oct 19 
Amphibians,Long Tail Salamander,Eurycea longicauda,$29.99,20. Oct 19 
Turtles,Spotted Turtle,Clemmys guttata,$249.99,20. Oct 19 
Snakes,Baby San Matias Rosy Boa,null,$89.99,20. Oct 19 
Snakes,Baby Jungle Carpet Python,null,$174.99,20. Oct 19 
Lizards,Desert Iguana,Dipsosaurus dorsalis,$34.99,20. Oct 19 
Amphibians,Brown Fantasy Pacman Frog,C. cornuta X C. cranwelli,$34.99,20. Oct 19 
Geckos,House Gecko,Hemidactylus frenatus,$2.99,12. Apr 19 
Turtles,Baby Reeves Turtle,null,$59.99,11. Apr 19 
Snakes,Baby Coral Ghost Stripe Cornsnake,Pantherophis guttatus,$149.99,11. Apr 19 
Venomous,Congo Puff Adder,null,$499.99,11. Apr 19 
Amphibians,Spotted Salamander,null,$19.99,11. Apr 19 
Venomous,Collett’s Snake,null,"$1,199.99",11. Apr 19 
Snakes,Baby Rusty Rat Snake,Pantherophis obsoletus,$34.99,10. Apr 19 
Snakes,Baby T Negative Albino Blood Python,Python brongersMay,$249.99,10. Apr 19 
Venomous,Baby King Cobra,Ophiophagus hannah,$599.99,07. Apr 19 
Snakes,Baby Caramel Tiger Jaguar Carpet Python,Morelia spilota mcdowelli,$274.99,07. Apr 19 
Inverts,Shield Mantis,Rhombodera basalis,$19.99,19. Oct 19 
Geckos,Baby Carrot Top Pinstripe Crested Gecko,Correlophus ciliatus,$174.99,18. Oct 19 
Geckos,Tokay Gecko,Gekko gecko,$14.99,18. Oct 19 
Amphibians,Highland Bronze Auratus Dart Frog,Dendrobates auratus,$34.99,18. Oct 19 
Amphibians,Baby Dwarf Budgett’s Frog,null,$49.99,18. Oct 19 
Inverts,Horrid King Assassin Bug,null,$24.99,18. Oct 19 
Snakes,Red Beak Snake,Rhamphiophis rubropunctatus,$74.99,18. Oct 19 
Tortoises,Baby Hypo Sulcata Tortoise,Centrochelys sulcata,$999.99,18. Oct 19 
Lizards,Sand Fish,Scincus scincus,$29.99,18. Oct 19 
Turtles,Indian Brown Roofed Turtle,null,$449.99,18. Oct 19 
Snakes,Blond Hognose Snake,null,$149.99,18. Oct 19 
Inverts,California Scorpion,Paruroctonus silvestrii,$14.99,18. Oct 19 
Snakes,Banded Water Snake,Nerodia fasciata,$14.99,18. Oct 19 
Snakes,Baby Cotton Candy Ghost Cornsnake,null,$99.99,18. Oct 19 
Lizards,6-8 Inch Nosy Be Panther Chameleon,null,$199.99,18. Oct 19 
Snakes,Baby Purple Line Anaconda Western Hognose Snake,Heterodon nasicus,$149.99,18. Oct 19 
Snakes,Baby Biak Green Tree Python,Morelia viridis,$299.99,11. May 19 
Snakes,Baby Hypo Cornsnake,null,$49.99,11. May 19 
Lizards,Baby Translucent Silky (Scaleless) Bearded Dragon,Pogona vitticeps,$149.99,11. May 19 
Tegus,Baby Blue Tegu,Tupinambis Merianae,$399.99,09. May 19 
Inverts,Solomon Island Giant Red Centipede,Ethmostigmus rubripes,$399.99,08. May 19 
Snakes,Baby Okeetee Cornsnake,Elaphe guttata guttata,$39.99,07. May 19 
Turtles,Baby Southern Black Knob Map Turtles,Graptemys nigrinoda delticola,$149.99,06. May 19 
Lizards,Sailfin Dragon,null,$109.99,06. May 19 
Snakes,Baby Hypo Motley Cornsnake,Pantherophis guttatus,$59.99,06. May 19 
Amphibians,Mossy Tree Frog,null,$79.99,05. May 19 
Snakes,Baby Prairie Kingsnake,Lampropeltis calligaster calligaster,$49.99,17. Oct 19 
Geckos,Baby Leucistic Leopard Gecko,null,$34.99,17. Oct 19 
Turtles,European Pond Turtle,Emys orbicularis,$64.99,17. Oct 19 
Lizards,Adult Male Translucent Veiled Chameleon,Chamaeleo calyptratus,$99.99,17. Oct 19 
Geckos,Tiger Gecko,Pachydactylus tigrinus,$29.99,16. Oct 19 
Snakes,Baby Mexican Black Kingsnake,Lampropeltis getula nigrita,$199.99,16. Oct 19 
Snakes,Baby Colombian x Bolivian Redtail Boa,Boa constrictor imperator x amarali,$99.99,16. Oct 19 
Snakes,Baby Strawberry Amelanistic Cornsnake,null,$49.99,16. Oct 19 
Geckos,Panther Gecko,Paroedura pictus,$19.99,16. Oct 19 
Geckos,Baby Orange And Yellow Super Stripe Gargoyle Gecko,Rhacodactylus auriculatus,$299.99,16. Oct 19 
Snakes,Baby Ball Python,Python regius,$39.99,16. Oct 19 
Snakes,Tanzanian Egg Eating Snake,Dasypeltis scabra,$34.99,01. May 19 
Snakes,Baby Anery Cornsnake,Pantherophis guttatus,$49.99,28. Feb 19 
Inverts,Bengal Four Spotted Ornamental Tarantula,Poecilotheria miranda,$59.99,28. Feb 19 
Amphibians,Green Pacman Frog,Ceratophrys cranwelli,$14.99,27. Feb 19 
Tortoises,Baby Redfoot Tortoise,Chelonoidis carbonaria,$124.99,26. Feb 19 
Snakes,Brazilian Rainbow Boa,Epicrates cenchria,$224.99,26. Feb 19 
Inverts,Vinegaroon,Mastigoproctus giganteus giganteus,$29.99,25. Feb 19 
Amphibians,Giraffe Tree Frog,Dendropsophus reticulatus,$49.99,25. Feb 19 
Inverts,Colombian Purple Pinktoe Tarantula,Avicularia purple,$49.99,25. Feb 19 
Snakes,Baby Eastern Hognose Snake,Heterodon platirhinos,$124.99,24. Feb 19 
Geckos,Saklava Velvet Gecko,Blaesodactylus sakalava,$24.99,15. Oct 19 
Geckos,Mourning Gecko,Lepidodactylus lugubris,$24.99,15. Oct 19 
Snakes,Baby Albino Paradox Kenyan Sand Boa,Eryx colubrinus,$149.99,15. Oct 19 
Turtles,Senegal Flapshell Turtle,Cyclanorbis senegalensis,$199.99,15. Oct 19 
Geckos,Wahlberg’s Velvet Gecko,null,$59.99,15. Oct 19 
Lizards,Rainbow Whiptail,Cnemidophorus lemniscatus,$24.99,15. Oct 19 
Snakes,Baby Pearl Island Boa Constrictor,Boa constrictor sabogae,$399.99,15. Oct 19 
Snakes,Baby Snow Cornsnake,Pantherophis guttatus,$69.99,15. Oct 19 
Lizards,Baby Hypo Translucent Bearded Dragon,Pogona vitticeps,$74.99,15. Oct 19 
Lizards,Adult Chinese Water Dragon,Physignathus cocincinus,$29.99,15. Oct 19 
Turtles,West African Helmetted Turtle,null,$29.99,17. Feb 19 
Geckos,Baby Orange Harlequin Crested Gecko,Correlophus ciliatus,$174.99,17. Feb 19 
Turtles,Western Painted Turtle,Chrysemys picta,$19.99,17. Feb 19 
Snakes,Baby Snow Kenyan Sand Boa,Eryx colubrinus,$174.99,16. Feb 19 
Geckos,Halmahera Gecko,Gehyra marginata,$59.99,15. Feb 19 
Snakes,Baby Butter Cornsnake,Pantherophis guttatus,$49.99,15. Feb 19 
Snakes,Wolf Snake,Lycodon capucinus,$149.99,15. Feb 19 
Snakes,Baby Anery Kenyan Sand Boa,Eryx colubrinus,$69.99,14. Feb 19 
Snakes,Speckled Hognose Snake,Leioheterodon geayi,$174.99,13. Oct 19 
Inverts,Mexican Redknee Tarantula,Brachypelma smithi,$69.99,13. Oct 19 
Inverts,Brazilian Blue Green Pinktoe Tarantula,Avicularia geroldi,$89.99,13. Oct 19 
Inverts,Chilean Tiger Rump Spider,Acanthogonatus francki,$29.99,13. Oct 19 
Geckos,Brooks House Gecko,Hemidactylus brookii,$4.99,13. Oct 19 
Snakes,Mangrove Salt Marsh Snake Het Anery,null,$149.99,13. Oct 19 
Turtles,Scorpion Mud Turtle,Kinosternon scorpioides,$74.99,13. Oct 19 
Snakes,Baby Super Pastel HRA Yellowbelly Ball Python,null,$399.99,13. Oct 19 
Lizards,Starred Agama,Stellagama stellio,$69.99,13. Oct 19 
Venomous,Baby Monocled Cobra Double Het Albino Suphan,Naja kaouthia,$249.99,12. Oct 19 
Amphibians,Leucistic Axolotl,Ambystoma mexicanum,$24.99,12. Oct 19 
Snakes,Baby Scaleless Head Pastel Ball Python,Python regius,$299.99,12. Oct 19 
Lizards,2-3 Foot Green Iguana,Iguana iguana,$24.99,12. Oct 19 
Amphibians,High Red Ornate Pacman Frog,null,$39.99,12. Oct 19 
Venomous,Baby Nimibian Coral Cobra,null,$299.99,31. Jan 19 
Amphibians,Purple Harlequin Toad,null,$59.99,28. Jan 19 
Tegus,Baby Bruiser Tegu,Tupinambis Merianae,$299.99,27. Jan 19 
Snakes,Northern Garter Snake,Thamnophis sirtalis,$19.99,27. Jan 19 
Tegus,Baby Chacoan White Headed Tegu,TUPINAMBIS MERIANAE,$179.99,27. Jan 19 
Snakes,Baby Bull Snake,Pituophis catenifer sayi,$59.99,26. Jan 19 
Amphibians,Splash Back Dart Frog,Adelphobates galactonotus,$69.99,25. Jan 19 
Snakes,Solomon Island Tree Boa,Candoia bibroni,$149.99,25. Jan 19 
Lizards,Peter’s Banded Skink,null,$49.99,11. Oct 19 
Amphibians,C.B. Baby Red Eye Tree Frogs,Agalychnis callidryas,$19.99,11. Oct 19 
Snakes,Indonesian Tree Boa,Candoia carinata carinata,$59.99,11. Oct 19 
Inverts,Bahia Scarlet Birdeater Tarantula,Lasiodora klugi,$24.99,11. Oct 19 
Snakes,Patterned Red Amazon Tree Boa,Corallus hortulanus,$199.99,10. Oct 19 
Turtles,Baby Cumberland Slider Turtle,Trachemys scripta troostii,$9.99,10. Oct 19 
Lizards,Baby Fire Skink,Lepidothyris fernandi,$39.99,10. Oct 19 
Geckos,Baby Chinese Cave Geckos,Goniurosaurus luii,$64.99,10. Oct 19 
Snakes,Mexican Redtail Indigo,Drymarchon melanurus rubidus,"$1,999.99",10. Oct 19 
Lizards,Green Tree Monitor,null,"$1,249.99",10. Oct 19 
Geckos,Albino Leopard Gecko,Eublepharis macularius,$49.99,10. Oct 19 
Snakes,Baby San Isabel Solomon Island Ground Boa,Candoia carinata paulsoni,$44.99,10. Oct 19 
Lizards,Juvenile Abronia Mixteca,Abronia mixteca,$199.99,10. Oct 19 
Snakes,Baby Albino Brooks Kingsnake,Lampropeltis getula brooksi,$69.99,10. Oct 19 
Lizards,Long Tailed Grass Lizard,Takydromus sexlineatus,$7.49,10. Oct 19 
Snakes,Baby Thailand Bamboo Ratsnake,Oreocryptophis porphyraceus coxi,$249.99,02. Jan 19 
Snakes,Yearling San Felipe Rosy Boa,null,$99.99,09. Oct 19 
Tortoises,Speke’s Hingeback Tortoise,null,$74.99,09. Oct 19 
Lizards,Black And White Chuckwalla,Sauromalus ater,$199.99,09. Oct 19 
Geckos,Giant Leaf Tail Gecko,Uroplatus fimbriatus,$299.99,09. Oct 19 
Snakes,Baby Albino Motley Cornsnake,Pantherophis guttatus,$39.99,09. Oct 19 
Lizards,Nosy Be Panther Chameleon,null,$249.99,09. Oct 19 
Inverts,Wessel’s Tiger Ornamental Tarantula,Poecilotheria tigrinawesseli,$59.99,09. Oct 19 
Snakes,Paradise Tree Snake,Chrysopelea paradisi,$249.99,09. Oct 19 
Amphibians,Baby Golden Mantella,null,$79.99,09. Oct 19 
Snakes,Baby Twin Stripe Aberrant California Kingsnake,Lampropeltis getula californiae,$149.99,09. Oct 19 
Amphibians,4 Spot Patternless Pacman Frog,null,$24.99,09. Oct 19 
Amphibians,Yellow Harlequin Toad,Atelopus pulcher,$64.99,09. Oct 19 
Snakes,Baby Spotted Python,Antaresia maculosa,$49.99,09. Oct 19 
Inverts,South American Green Praying Mantis,Oxyopsis gracilis,$29.99,09. Oct 19 
Snakes,Black House Snake,null,$64.99,09. Oct 19 
Inverts,Double Shield Mantis,Pnigomantis medioconstricta,$49.99,08. Oct 19 
Amphibians,Mountain Chicken Frog,Leptodactylus fallax,$44.99,08. Oct 19 
Snakes,Baby Savu Python,Liasis mackloti savuensis,$124.99,08. Oct 19 
Tegus,Baby Ultra Purple Tegu,SALVATOR MERIANAE X RUFESCENS,$399.99,08. Oct 19 
Amphibians,Dusky Salamander,null,$9.99,08. Oct 19 
Snakes,Baby Scaleless Head Cinnamon Butter Ball Python,Python regius,$424.99,08. Oct 19 
Lizards,Baby Dunner Bearded Dragon,Pogona vitticeps,$59.99,08. Oct 19 
Inverts,Socotra Island Blue Baboon Tarantula,Monocentrophus balfouri,$99.99,08. Oct 19 
Turtles,Baby Furrowed Wood Turtle,Rhinoclemmys areolata,$74.99,08. Oct 19 
Turtles,Baby Serrated Sideneck Turtle,null,$39.99,08. Oct 19 
Amphibians,Red Ruber Salamander,Anolis sagrei,$59.99,08. Oct 19 
Amphibians,Blue & Black Auratus Dart Frog,Dendrobates auratus,$39.99,08. Oct 19 
Lizards,Flying Dragon Lizard,Draco lineatus,$34.99,08. Oct 19 
Lizards,Adult Bearded Dragon,Pogona vitticeps,$174.99,08. Oct 19 
Lizards,Bermanja Panther Chameleon,Furcifer pardalis,$349.99,08. Oct 19 
Amphibians,Baby Pipa Pipa Toad,Pipa pipa,$44.99,08. Oct 19 
Lizards,Eastern Collared Lizard,Crotaphytus collaris,$39.99,08. Oct 19 
Snakes,Baby Black Cornsnake,Pantherophis guttatus,$34.99,08. Oct 19 
Snakes,Baby Jelly Brooks Kingsnake,Lampropeltis getula brooksi,$59.99,07. Oct 19 
Amphibians,Triangle Tree Frog,Dendropsophus triangulum,$49.99,07. Oct 19 
Lizards,9-11 Inch High White Translucent Veiled Chameleon,Chamaeleo calyptratus,$84.99,07. Oct 19 
Snakes,Schokari Sand Racer,Psammophis schokari,$59.99,07. Oct 19 
Amphibians,Black Eyed Tree Frog,Agalychnis moreletii,$39.99,07. Oct 19 
Inverts,Israeli Gold Scorpion,Scorpio maurus,$24.99,07. Oct 19 
Snakes,Baby Hypo IMG Colombian Redtail Boa,Boa constrictor imperator,$999.99,07. Oct 19 
Tegus,Albino Blue Tegu #2,Tupinambis Merianae,"$1,499.99",07. Oct 19 
Snakes,Baby Mex Mex X Ruthveni Kingsnake,Lampropeltis m. mexicana X ruthveni,$69.99,06. Oct 19 
Snakes,Baby Variable Kingsnake,Lampropeltis mexicana thayeri,$49.99,06. Oct 19 
Tegus,Baby Red Het Anerythristic Tegu,Tupinambis rufescens,$599.99,06. Oct 19 
Snakes,Baby Zebra Jungle Carpet Python,Morelia spilota cheynei,$249.99,06. Oct 19 
Amphibians,Pipa Pipa Toad,null,$29.99,06. Oct 19 
Snakes,Baby Amazon Tree Boa,null,$49.99,06. Oct 19 
Venomous,Baby Saharan Sand Viper,Cerastes vipera,$149.99,05. Oct 19 
Snakes,Baby San Matias Rosy Boas,Lichanura trivirgata saslowi,$99.99,05. Oct 19 
Lizards,Juvenile Wedgehead Caiman,Paleosuchus palpebrosus,$349.99,05. Oct 19 
Snakes,Baby Buf Cornsnake,Pantherophis guttatus,$44.99,05. Oct 19 
Snakes,Yearling San Matias Rosy Boa,null,$99.99,05. Oct 19 
Lizards,Sambava Panther Chameleon,Furcifer pardalis,$249.99,05. Oct 19 
Lizards,Dwarf Fischer’s Chameleon,Kinyongia tavetana,$29.99,05. Oct 19 
Lizards,Desert Horned Lizard,null,$24.99,05. Oct 19 
Turtles,Baby North American Wood Turtle,Glyptemys insculpta,$274.99,05. Oct 19 
Venomous,Silver Flat Nose Bamboo Pit Viper,Trimeresurus puniceus,$299.99,05. Oct 19 
Turtles,Baby Leopard Softshell Turtle,Apalone ferox X Spinifera,$24.99,05. Oct 19 
Snakes,Baby Colombian Redtail Boa,Boa constrictor imperator,$99.99,05. Oct 19 
Lizards,Verrucosus Chameleon,Furcifer verrucosus,$49.99,05. Oct 19 
Turtles,Baby Albino Pinkbelly Sideneck Turtle,Elseya novaeguinea,"$1,599.99",05. Oct 19 
Snakes,Baby Aru x Manakwari Green Tree Python,Morelia Viridis,$399.99,05. Oct 19 
Venomous,Baby Gabino Vipers,null,$299.99,05. Oct 19 
Snakes,Mexican Indigo,Drymarchon melanurus rubidus,"$1,499.99",04. Oct 19 
Snakes,Baby Misol Green Tree Python,Morelia viridis,$399.99,04. Oct 19 
Geckos,Paroedura Stumpffi,null,$59.99,04. Oct 19 
Snakes,Baby White Sided Peanut Butter Brooks Kingsnake,Lampropeltis getula brooksi,$99.99,03. Oct 19 
Geckos,Sub-Adult Giant Tremper Emerine Leopard Gecko,Eublepharis macularius,$124.99,03. Oct 19 
Lizards,Ground Agama,Agama aculeata,$34.99,03. Oct 19 
Snakes,Baby Manakwari Green Tree Python,Morelia viridis,$399.99,03. Oct 19 
Lizards,Pink Belly Swift,Sceloporus variabilis,$9.99,03. Oct 19 
Tortoises,Baby Cherryhead  X Redfoot Tortoise Cross,Chelonoidis carbonaria,$174.99,03. Oct 19 
Snakes,Baby Mexican Black x Desert Kingsnake,Lampropeltis getula nigrita x splendida,$39.99,03. Oct 19 
Snakes,Hypo Sinaloan Milksnake,Lampropeltis triangulum,$64.99,03. Oct 19 
Snakes,Baby Albino Sinacorn Snake,Lampropeltis triangulum sinaloae X Pantherophis guttatus,$59.99,03. Oct 19 
Lizards,Abronia Mixteca (Mexican Alligator Lizard),Abronia mixteca,$199.99,03. Oct 19 
Inverts,Unicorn Horned Baboon Tarantula,Ceratogyrus marshalli,$39.99,03. Oct 19 
Geckos,Baby Maynland Chahoua Gecko,Rhacodactylus chahoua,$599.99,03. Oct 19 
Geckos,Peacock Day Gecko,null,$39.99,02. Oct 19 
Lizards,Solomon Island Mangrove Monitor,null,$149.99,02. Oct 19 
Snakes,Baby Nelson’s Milksnake,Lampropeltis triangulum nelsoni,$49.99,02. Oct 19 
Lizards,Baby High Colored Bearded Dragon,Pogona vitticeps,$34.99,02. Oct 19 
Snakes,Colored Amazon Tree Boa,Corallus hortulanus,$124.99,02. Oct 19 
Geckos,Vazimba Gecko,Paroedeura vazimba,$39.99,02. Oct 19 
Snakes,Baby Banana Pewter Ball Python,null,$274.99,02. Oct 19 
Snakes,Baby Snow Western Hognose Snake,Heterodon nasicus,$499.99,02. Oct 19 
Lizards,Baby Peach Throat Monitor,Varanus jobiensis,$299.99,02. Oct 19 
Lizards,Brookesia Stumpffi,null,$74.99,02. Oct 19 
Tegus,Baby Albino Ice Tegu,Tupinambis Merianae X Tupinambis rufescens,"$1,999.99",02. Oct 19 
Lizards,Angalovana Panther Chameleon,Furcifer pardalis,$299.99,01. Oct 19 
Geckos,Baby Pinstripe Crested Gecko,Correlophus ciliatus,$74.99,01. Oct 19 
Amphibians,Leopard Frog,Rana sphenocephala,$9.99,01. Oct 19 
Inverts,Ghost Mantis,null,$39.99,01. Oct 19 
Turtles,Baby Stinkpot Musk Turtle,Sternotherus odoratus,$19.99,01. Oct 19 
Lizards,Savannah Monitor,null,$29.99,01. Oct 19 
Lizards,Baby Emerald Swift,Sceloporus malachiticus,$14.99,01. Oct 19 
Turtles,Baby Red Cheeked Mud Turtles,Kinosternon scorpioides cruentatum,$39.99,01. Oct 19 
Turtles,Baby Two Headed Snapping Turtle,null,null,01. Oct 19 
Inverts,Mexican Bloodleg Tarantula,null,$149.99,01. Oct 19 
Turtles,Baby Desert Ornate Box Turtle,Terrapene ornata luteola,$149.99,01. Oct 19 
Inverts,Florida Keys Centipede,null,$19.99,01. Oct 19 
Isopods,Porcellio Scaber “Orange Dalmatian” Isopod,Porcellio Scaber,$14.99,30. Sep 19 
Inverts,Nigerian Rusted Tarantula,Hysterocrates laticeps,$44.99,30. Sep 19 
Lizards,Black Roughneck Monitor,Varanus rudicollis,$199.99,30. Sep 19 
Snakes,Ringneck Snake,null,$4.99,30. Sep 19 
Lizards,Nidua Fringe Fingered Lizard,Acanthodactylus scutellatus,$14.99,30. Sep 19 
Snakes,Baby Sonoran Gopher Snake,Pituophis melanoleucus,$74.99,30. Sep 19 
Snakes,Northern Banded Water Snake,Nerodia sipedon,$29.99,30. Sep 19 
Geckos,Sunglow Leopard Gecko,Eublepharis macularius,$54.99,30. Sep 19 
Geckos,Lined Leaf Tail Gecko,Uroplatus lineatus,$224.99,29. Sep 19 
Lizards,Abronia Lythrochila,Abronia lythrochila,$199.99,29. Sep 19 
Snakes,Dominican Red Mountain Boa,Epicrates striatus striatus,$224.99,29. Sep 19 
Lizards,Cuban Green Anole,Anolis porcatus,$5.99,29. Sep 19 
Turtles,Hybino Red Ear Slider Turtle,Trachemys scripta elegans,"$1,249.99",29. Sep 19 
Amphibians,Amazonian Red Striped Dart Frog,null,$59.99,29. Sep 19 
Amphibians,Rainbow Pacman,Ceratophrys cranwelli,$14.99,29. Sep 19 
Amphibians,Malagasy Gliding Frog,null,$39.99,29. Sep 19 
Snakes,Baby Caramel Coastal Carpet Python,Morelia spilota mcdowelli,$149.99,29. Sep 19 
Tortoises,Baby Pancake Tortoise,Malacochersus tornieri,$349.99,29. Sep 19 
Inverts,Blue Fang Tarantula,Ephpebopus cyanognathus,$69.99,29. Sep 19 
Amphibians,Camo Pacman Frog,Ceratophrys cranwelli,$14.99,29. Sep 19 
Turtles,Albino Red Ear Slider Turtle,Trachemys scripta elegans,$249.99,29. Sep 19 
Lizards,American Alligator,Alligator mississippiensis,$249.99,28. Sep 19 
Geckos,Baby Normal Leopard Gecko,LIMITED TIME OFFER: GET 50% OFF THIS LEOPARD GECKO WITH THE PURCHASE OF A COMPLETE SETUP KIT!,$17.99,28. Sep 19 
Inverts,Orange Starburst Baboon Tarantula,Pterinochilus murinus,$34.99,28. Sep 19 
Lizards,Baby Irian Jaya Blue Tongue Skink,Tiliqua sp.,$349.99,28. Sep 19 
Lizards,Baby Red Bearded Dragon,Pogona vitticeps,$54.99,27. Sep 19 
Tortoises,Juvenile Ivory Sulcata Tortoise,null,"$1,499.99",27. Sep 19 
Snakes,Baby San Felipe Rosy Boas,Lichanura trivirgata saslowi,$99.99,27. Sep 19 
Snakes,Baby Jungle Corn Snake,Lampropeltis getula californiae X Pantherophis guttatus,$44.99,27. Sep 19 
Amphibians,Patricia Tinctorius Dart Frog,Dendrobates tinctorius,$34.99,27. Sep 19 
Amphibians,Wild Type Axolotl,Ambystoma mexicanum,$24.99,27. Sep 19 
Inverts,New Guinea Rust Orange Tarantula,Selenocosmia arndsti,$69.99,27. Sep 19 
Snakes,Baby Plasma Colombian Redtail Boa,null,$599.99,27. Sep 19 
Lizards,Irian Jaya Blue Tongue Skink,Tiliqua sp.,$199.99,27. Sep 19 
Isopods,Powder Blue Isopods,Porcellionides priunosus,$9.99,27. Sep 19 
Isopods,Nosy Roly-Poly Isopods,Armadillidium nasatum,$9.99,27. Sep 19 
Amphibians,Hatchet Face Frog,Sphaenorhynchus lacteus,$29.99,27. Sep 19 
Snakes,Baby C.A. T+ Albino Sunglow Boa,Boa constrictor imperator,$199.99,27. Sep 19 
Venomous,Baby Western Diamondback Rattlesnake,Crotalus atrox,$64.99,26. Sep 19 
Snakes,Sonoran Gopher Snake,Pituophis catenifer affinis,$39.99,26. Sep 19 
Lizards,Madagascar Giant Plated Lizard,null,$49.99,25. Sep 19 
Snakes,Baby Amel Motley Cornsnake,Pantherophis guttatus,$59.99,25. Sep 19 
Inverts,Ornate Ornamental Tarantula,Poecilotheria ornata,$84.99,25. Sep 19 
Inverts,Puerto Rican Pinktoe Tarantula,null,$49.99,25. Sep 19 
Snakes,Baby Sunkissed Ghost Cornsnake,null,$49.99,25. Sep 19 
Snakes,Baby Colombian Rainbow Boa,Epicrates cenchria,$49.99,25. Sep 19 
Lizards,Pied Pectinata,null,$699.99,25. Sep 19 
Lizards,Baby Red Silkie Bearded Dragon,Pogona vitticeps,$69.99,25. Sep 19 
Geckos,Cocteau Gecko,Hemidactylus flaviviridis,$9.99,25. Sep 19 
Snakes,Egyptian Egg Eating Snake,Dasypeltis bazi,$199.99,25. Sep 19 
Snakes,Baby Albino Durango Ruthvens Kingsnake,null,$79.99,25. Sep 19 
Snakes,Baby Scaleless Head Pewter Calico G Stripe Ball Python,Python regius,$999.99,25. Sep 19 
Tegus,Albino Blue Tegu #1,Tupinambis Merianae,"$1,499.99",25. Sep 19 
Lizards,Oustalet’s Chameleon,Furcifer chamaeleo oustaleti,$49.99,25. Sep 19 
Amphibians,Oyapok Tinctorius Dart Frog,Dendrobates tinctorius,$39.99,23. Sep 19 
Snakes,Baby Colored Amazon Tree Boa,Corallus hortulanus,$199.99,23. Sep 19 
Lizards,Moroccan Uromastyx,Uromastyx acanthinurus,$149.99,23. Sep 19 
Snakes,Baby Leopard Blade Clown Ball Python,null,$999.99,23. Sep 19 
Snakes,African Green Bush Snake,Philothamnus semivariegatus,$49.99,23. Sep 19 
Lizards,Baby Savannah Monitor,null,$19.99,23. Sep 19 
Snakes,Baby Anery Tessera Cornsnake,Pantherophis guttatus,$79.99,23. Sep 19 
Inverts,0.5 – 1.0 Inch Brazilian White Knee Tarantula,Acanthoscurria geniculata,$34.99,23. Sep 19 
Lizards,Ocellated Uromastyx,null,$99.99,23. Sep 19 
Inverts,Panamanian Blonde Tarantula,Psalmopoeus pulcher,$39.99,23. Sep 19 
Amphibians,Bumblebee Dart Frog,Dendrobates leucomelas,$39.99,23. Sep 19 
Snakes,Yearling Tiger Coastal Carpet Python,Morelia spilota mcdowelli,$174.99,23. Sep 19 
Snakes,Adult Axanthic Brooks Kingsnake,null,$249.99,23. Sep 19 
Amphibians,South American Giant Marine Toad,Bufo marinus,$39.99,21. Sep 19 
Geckos,White Spot Gecko,Tarentola Annularis,$9.99,21. Sep 19 
Snakes,Eastern Hognose Snake,Heterodon platirhinos,$199.99,21. Sep 19 
Tortoises,Redfoot Tortoise,Chelonoidis carbonaria,$149.99,21. Sep 19 
Turtles,West African Mud Turtle,Pelusios castaneus,$29.99,21. Sep 19 
Snakes,East African Egg Eating Snake,Dasypeltis scabra,$69.99,21. Sep 19 
Lizards,Furcifer Bifidus,Furcifer Bifidus,$99.99,20. Sep 19 
Snakes,Western Ringneck Snake,null,$29.99,20. Sep 19 
Snakes,Baby Lavender Cornsnake,Pantherophis guttatus,$29.99,20. Sep 19 
Lizards,Baby Saharan Yellow Uromastyx,Uromastyx geyri,$79.99,20. Sep 19 
Geckos,Baby Albino Leopard Gecko,Eublepharis macularius,$29.99,20. Sep 19 
Lizards,Baby Red Iguana,Iguana iguana,$34.99,20. Sep 19 
Amphibians,Golden Gliding Frog,Polypedates leucomystax,$7.49,20. Sep 19 
Amphibians,Painted Mantella,null,$39.99,18. Sep 19 
Geckos,Tripoli Gecko,Tropiocolotes tripolitanus,$19.99,18. Sep 19 
Snakes,Baby Anery Stripe Kenyan Sand Boa,Eryx colubrinus,$79.99,18. Sep 19 
Inverts,Mexican Flame Knee Tarantula,null,$149.99,18. Sep 19 
Snakes,Great Plains Ratsnake,Pantherophis emoryi,$39.99,18. Sep 19 
Inverts,Cape Burrowing Scorpion,null,$24.99,18. Sep 19 
Lizards,Baby Dispar Uromastyx,null,$124.99,18. Sep 19 
Amphibians,Grey Tree Frog,Hyla versicolor,$9.99,18. Sep 19 
Amphibians,Red and Black Walking Frog,Phrynomerus bifasciatus,$9.99,18. Sep 19 
Amphibians,Baby Giant Pixie Frog,Pyxicephalus adspersus,$29.99,18. Sep 19 
Snakes,Baby Aru x Jaya Green Tree Python,Morelia viridis,$399.99,17. Sep 19 
Snakes,Baby Arizona Rosy Boa,Lichanura trivirgata trivirgata,$89.99,17. Sep 19 
Turtles,Baby Northern Black Knob Map Turtles,Graptemys nigrinoda,$99.99,17. Sep 19 
Amphibians,Golfodulcean Dart Frog,null,$39.99,17. Sep 19 
Snakes,West African Egg Eating Snake,Dasypeltis scabra,$64.99,17. Sep 19 
Snakes,Baby Cotton Candy Snow Cornsnake,null,$69.99,15. Sep 19 
Snakes,White Lipped Python,Leiopython albertisii,$324.99,15. Sep 19 
Amphibians,Powder Blue Tinctorius Dart Frog,Dendrobates tinctorius,$39.99,15. Sep 19 
Snakes,Baby Enchi Spider Clown Ball Python,null,$799.99,15. Sep 19 
Snakes,Red Tailed Green Ratsnake,Gonyosoma oxycephalum,$74.99,15. Sep 19 
Geckos,Baby Super Harlequin Pinstripe Crested Gecko,Correlophus ciliatus,$199.99,15. Sep 19 
Snakes,Lesser Ball Python,null,$64.99,15. Sep 19 
Inverts,Singapore Blue Tarantula,null,$49.99,15. Sep 19 
Snakes,African File Snake,Mehelya crossi,$74.99,15. Sep 19 
Geckos,Fan Footed Gecko,Ptyodactylus hasselquistii,$14.99,15. Sep 19 
Amphibians,Baby Giant Waxy Monkey Tree Frog,null,$59.99,15. Sep 19 
Geckos,Baby Crimson Madagascar Giant Day Gecko,Phelsuma grandis,$39.99,15. Sep 19 
Snakes,Red Beaked Snake,null,$74.99,15. Sep 19 
Lizards,Baby Bearded Dragon,Pogona vitticeps,$44.99,15. Sep 19 
Lizards,Baby Silky (Scaleless) Bearded Dragon,Pogona vitticeps,$74.99,15. Sep 19 
Geckos,Mack Snow Albino Leopard Gecko,Eublepharis macularius,$54.99,13. Sep 19 
Snakes,Baby Suriname Redtail Boa,Boa constrictor constrictor,$149.99,13. Sep 19 
Amphibians,Citronella Tinctorius Dart Frog,null,$39.99,13. Sep 19 
Lizards,Red Garden Skink,Lampropholis guichenoti,$4.99,13. Sep 19 
Lizards,Cuvier’s Dwarf Caiman,Paleosuchus palpebrosus,$249.99,13. Sep 19 
Geckos,Baby Normal Panther Gecko,Paroedura pictus,$19.99,13. Sep 19 
Snakes,San Isabel Solomon Island Ground Boa,Candoia carinata paulsoni,$149.99,13. Sep 19 
Amphibians,Baby Budgett’s Frog,Lepidobatrachus laevis,$49.99,13. Sep 19 
Amphibians,Turquoise And Black Auratus Dart Frog,Dendrobates auratus,$39.99,13. Sep 19 
Lizards,Serrated Conehead Lizard,null,$299.99,13. Sep 19 
Tortoises,Baby Leopard Tortoise,Stigmochelys pardalis babcocki,$149.99,13. Sep 19 
Amphibians,Solomon Island Eyelash Frog,Ceratobatrachus guentheri,$34.99,13. Sep 19 
Snakes,HCQ Coastal Carpet Python,Morelia spilota mcdowelli,$199.99,13. Sep 19 
Tegus,Baby Albino Blue Tegu,Tupinambis Merianae,"$1,499.99",13. Sep 19 
Inverts,Mexican Red Rump Tarantula,Brachypelma vagans,$24.99,13. Sep 19 
Lizards,Plica Plica Lizard,Plica plica,$19.99,13. Sep 19 
Lizards,Savigny’s Agama,Trapelus savignii,$19.99,13. Sep 19 
Lizards,Baby Red Ackie Monitor,Varanus Acanthurus,$399.99,12. Sep 19 
Lizards,Major Skink,Egernia frerei,$49.99,12. Sep 19 
Turtles,Adult Desert Ornate Box Turtle,Terrapene ornata luteola,$149.99,12. Sep 19 
Snakes,Baby Anaconda Western Hognose Snake,null,$149.99,12. Sep 19 
Turtles,Baby Hybrid Box Turtle,Terrapene carolina bauri x Terrapene ornata ornate x Terrapene carolina carolina,$124.99,12. Sep 19 
Venomous,Egyptian Saw Scale Viper,Echis pyramidum,$199.99,12. Sep 19 
Inverts,Death Stalker Scorpion,Leiurus quinquestriatus,$34.99,11. Sep 19 
Snakes,Baby Tiger Darwin’s Carpet Python,null,$174.99,11. Sep 19 
Amphibians,Ornate Pacman Frog,Ceratophrys ornata,$29.99,11. Sep 19 
Lizards,Petters Chameleon,Furcifer petteri,$249.99,11. Sep 19 
Lizards,Sun Skink,Eutropis multifasciata,$6.99,11. Sep 19 
Geckos,Leopard Gecko,Eublepharis macularius,$39.99,11. Sep 19 
Geckos,Subadult Hypo Leopard Gecko,Eublepharis macularius,$39.99,11. Sep 19 
Lizards,Baby Hypo Silkie Bearded Dragon,Pogona vitticeps,$79.99,11. Sep 19 
Isopods,Porcellio Laevis “Dairy Cow” Isopod,Porcellio Laevis,$17.49,11. Sep 19 
Lizards,Baby Cape Banded White Throat Monitor,Varanus albigularis,$599.99,11. Sep 19 
Inverts,Solomon Island Giant Green Centipede,Ethmostigmus rubripes,$399.99,11. Sep 19 
Isopods,Porcellionides priunosus “white out” Isopod,Porcellionides priunosus,$14.99,11. Sep 19 
Turtles,Baby Hypo Pastel Red Ear Slider Turtle,Trachemys scripta elegans,$174.99,11. Sep 19 
Venomous,Baby Western Diamondback Rattlesnake,Crotalus atrox,$124.99,11. Sep 19 
Lizards,Baby Cuvier’s Caiman,Paleosuchus palpebrosus,$249.99,11. Sep 19 
Snakes,Baby Tanimbar Amethystine Python,Morelia amethystina,$349.99,11. Sep 19 
Geckos,Sunglow Raptor Leopard Gecko,Eublepharis macularius,$64.99,11. Sep 19 
Snakes,Yearling Costa Rican Boa,Boa Constrictor imperator,$174.99,11. Sep 19 
Inverts,Colombian Dwarf Tiger Tarantula,Cyriocosmus leetzi,$34.99,11. Sep 19 
Snakes,Red Amazon Tree Boa,Corallus hortulanus,$199.99,11. Sep 19 
Snakes,Baby Black Ratsnake,Pantherophis obsoletus,$34.99,11. Sep 19 
Snakes,Sumatran Blood Python,Python brongersMay,$349.99,11. Sep 19 
Snakes,Reticulated Python,Python reticulatus,$249.99,11. Sep 19 
Snakes,Baby California Kingsnake,null,$84.99,11. Sep 19 
Inverts,Red Birdeater Tarantula,null,$39.99,11. Sep 19 
Inverts,Devils Flower Mantis,Idolomantis diabolica,$49.99,10. Sep 19 
Lizards,Baby Blue Tail Monitor,Varanus doreanus,$349.99,10. Sep 19 
Venomous,Juvenile Eastern Diamondback Rattlesnake,Crotalus adamanteus,$174.99,10. Sep 19 
Snakes,Plains Garter Snake,Thamnophis radix,$9.99,10. Sep 19 
Snakes,Baby Axanthic Whitesided Brooks Kingsnake,Lampropeltis getula brooksi,$64.99,10. Sep 19 
Snakes,Baby Lereh Green Tree Python,Morelia Viridis,$399.99,10. Sep 19 
Tortoises,Yearling Burmese Brown Mountain Tortoise,Manouria emys,$224.99,10. Sep 19 
Inverts,Thai Tiger Tarantula,null,$19.99,10. Sep 19 
Lizards,4-5 Inch High White Translucent Veiled Chameleon,Chamaeleo calyptratus,$89.99,10. Sep 19 
Lizards,Dispar Uromastyx,Uromastyx dispar dispar,$124.99,10. Sep 19 
Lizards,Baby Ambilobe Panther Chameleon,Furcifer pardalis,$199.99,10. Sep 19 
Snakes,Baby Ribbon Snake,Thamnophis sauritus,$3.99,10. Sep 19 
Turtles,Baby Pinkbelly Sideneck Turtle,Emydura subglobosa,$39.99,10. Sep 19 
Isopods,Armadilidium Frontirostre Isopod,null,$39.99,10. Sep 19 
Inverts,Stripe Knee Tarantula,null,$24.99,09. Sep 19 
Snakes,Baby Blood Red Scaleless Cornsnake,Pantherophis guttatus,$449.99,09. Sep 19 
Inverts,Stone Centipede,null,$19.99,09. Sep 19 
Amphibians,Italian Alpine Newt,Ichthyosaura alpestris,$24.99,09. Sep 19 
Inverts,Asian Hooded Mantis,Rhombodera fusca,$29.99,09. Sep 19 
Lizards,4 to 5 inch Translucent Veiled Chameleon,Chamaeleo calyptratus,$49.99,09. Sep 19 
Turtles,Baby Japanese Wood Turtle,null,$74.99,09. Sep 19 
Snakes,Red Coachwhip Snake,null,$49.99,09. Sep 19 
Snakes,Baby Sumatran Blood Python,Python brongersMay,$99.99,09. Sep 19 
Isopods,Powder Orange Isopods,Porcellionides priunosus,$14.99,09. Sep 19 
Snakes,Black Racer,Coluber constrictor priapus,$9.99,09. Sep 19 
Amphibians,Cobalt Blue Tinctorius Dart Frog,Dendrobates tinctorius,$39.99,09. Sep 19 
Amphibians,C.B. Snowflake Dumpy Tree Frog,Litoria caerulea,$29.99,09. Sep 19 
Inverts,Pinktoe Tarantula,Avicularia avicularia,$9.99,09. Sep 19 
Geckos,Rough Tailed Gecko,Cyrtopodion scaber,$14.99,09. Sep 19 
Lizards,Abronia Deppii,null,$999.99,09. Sep 19 
Inverts,Thailand Golden Fringe Tarantula,Ornithoctonus aureotibialis,$59.99,09. Sep 19 
Lizards,New Guinea Legless Lizard,Lialis burtonis,$99.99,09. Sep 19 
Tegus,Baby Paraguayan Red Tegu,Tupinambis rufescens,$399.99,09. Sep 19 
Snakes,Aru Green Tree Python,Morelia viridis,$599.99,09. Sep 19 
Inverts,Australian Giant Prickly Stick Insect,null,$24.99,09. Sep 19 
Lizards,Malagasy Three Eyed Lizard,Chalarodon madagascariensis,$14.99,08. Sep 19 
Snakes,Baby Hypo Colombian Redtail Boa,Boa constrictor imperator,$199.99,08. Sep 19 
Tegus,Snowmaker Tegu,Tupinambis Merianae X Tupinambis rufescens,$499.99,08. Sep 19 
Lizards,Sulphur Monitor,null,"$1,749.99",08. Sep 19 
Snakes,Baby Pastel Banana Ball Python,Python regius,$349.99,08. Sep 19 
Lizards,Red Sided Skink,Trachylepis homalocephala,$6.99,08. Sep 19 
Inverts,Mysore Ornamental Tarantula,Poecilotheria straita,$59.99,08. Sep 19 
Tegus,Baby High White Red Tegu,null,$399.99,08. Sep 19 
Inverts,Brazilian Blue Violet Tarantula,Pterinopelma saziMay,$34.99,08. Sep 19 
Inverts,Amazon Giant Centipede,Scolopendra gigantea,$399.99,08. Sep 19 
Geckos,Baby Blazing Blizzard Leopard Gecko,null,$44.99,08. Sep 19 
Tortoises,Baby Elongated Tortoise,Inditestudo elongata,$124.99,08. Sep 19 
Lizards,Baby Brown Basilisk,Basiliscus vittatus,$14.99,08. Sep 19 
Lizards,Baby Sulawesi Water Monitor,Varanus salvator,$299.99,08. Sep 19 
Snakes,Solomon Island Black File Snake,Acrochordus granulatus,$199.99,08. Sep 19 
Snakes,Baby Albino Western Hognose Snake,null,$174.99,08. Sep 19 
Lizards,Red Bar Ambilobe Panther Chameleon,Furcifer pardalis,$299.99,08. Sep 19 
Amphibians,Blue Gliding Frog,Rhacophorus dennysi,$24.99,08. Sep 19 
Inverts,Orchid Mantis,Hymenopus coronatus,$59.99,08. Sep 19 
Inverts,Giant Chinese Praying Mantis,Tenodera sinensis,$29.99,08. Sep 19 
Snakes,Red Bellied Swamp Snake,Seminatrix pygaea,$39.99,08. Sep 19 
Inverts,Sangihe Black Tarantula,Lampropelma nigerimum,$49.99,08. Sep 19 
Snakes,Baby Scaleless Head Super Pastel Ball Python,Python regius,$399.99,08. Sep 19 
Snakes,Baby Blood Red Cornsnake,Pantherophis guttatus,$49.99,08. Sep 19 
Lizards,Baby Asian Water Monitor,null,$99.99,08. Sep 19 
Snakes,Baby Florida Kingsnake,Lampropeltis getula floridana,$49.99,08. Sep 19 
Lizards,Baby Citrus Bearded Dragon,Pogona vitticeps,$54.99,08. Sep 19 
Snakes,Baby Western Hognose Snake,Heterodon nasicus,$99.99,08. Sep 19 
Lizards,Jackson’s Chameleon,Trioceros jacksonii,null,08. Sep 19 
Amphibians,Red Leg Running Frog,Kassina maculata,$9.99,08. Sep 19 
Snakes,Jansen’s Ratsnake,Gonyosoma jansenii,$499.99,08. Sep 19 
Amphibians,Strawberry Pacman Frog,Ceratophrys cranwelli,$34.99,07. Sep 19 
Lizards,Merauke Blue Tongue Skink,Tiliqua gigas,$249.99,07. Sep 19 
Lizards,6-8 Inch High Colored Bearded Dragon,Pogona vitticeps,$44.99,07. Sep 19 
Snakes,Baby Banded Water Snake,Nerodia fasciata,$19.99,07. Sep 19 
Turtles,Baby African Mud Turtle,Pelusios castaneus,$29.99,07. Sep 19 
Tortoises,Baby Sri Lankan Star Tortoise,Geochelone elegans,$499.99,07. Sep 19 
Snakes,Yearling Bay Of La Rosy Boa,null,$99.99,07. Sep 19 
Turtles,African Dwarf Mud Turtle,Pelusios nanus,$249.99,07. Sep 19 
Lizards,Brown Basilisk,Basiliscus vittatus,$9.99,07. Sep 19 
Amphibians,Eastern Tiger Salamander,Ambystoma tigrinum,$49.99,07. Sep 19 
Geckos,Baby Orange Brindle Phantom Pinstripe Crested Gecko,Correlophus ciliatus,$149.99,07. Sep 19 
Turtles,Gibba Gibba Turtle,null,$39.99,07. Sep 19 
Snakes,Baby Durango Mountain x Ruthvens Kingsnake,null,$69.99,07. Sep 19 
Amphibians,Baby Brazilian Horned Frog,Ceratophrys aurita,$39.99,06. Sep 19 
Venomous,Tamaulinpan Rock Rattlesnake,Crotalus morulus,$999.99,06. Sep 19 
Snakes,Dice Snake,Natrix tessellata,$39.99,06. Sep 19 
Turtles,Baby Giant Mexican Musk Turtle,Staurotypus triporcatus,$124.99,06. Sep 19 
Lizards,Baby Desert Spiny Lizard,Sceloporus magister,$19.99,06. Sep 19 
Tegus,Albino Snowmaker Tegu #5,Tupinambis Merianae X Tupinambis rufescens,"$2,499.99",06. Sep 19 
Snakes,Melanistic Garter Snake,Thamnophis sirtalis similis,$199.99,05. Sep 19 
Lizards,Emerald Swift,Sceloporus malachiticus,$19.99,05. Sep 19 
Turtles,Baby Siebenrock’s Snake Necked Turtle,Chelodina siebenrocki,$124.99,05. Sep 19 
Snakes,Baby Sinacorn Snake,Lampropeltis triangulum sinaloae X pantherophis guttatus,$44.99,05. Sep 19 
Inverts,Camel Spider,Galeodes arabs,$24.99,05. Sep 19 
Lizards,9 to 11 Inch Veiled Chameleon,Chamaeleo calyptratus,$69.99,05. Sep 19 
Inverts,Olive Keeled Flat Rock Scorpion,Hadogenes paucidens,$44.99,05. Sep 19 
Inverts,Chaco Golden Knee Tarantula,Grammostola pulchripes,$49.99,05. Sep 19 
Venomous,Baby West African Gaboon Viper,Bitis gabonica rhinosceros,$99.99,05. Sep 19 
Inverts,Brazilian Black And White Tarantula,Nhandu coloratovillosus,$29.99,05. Sep 19 
Tegus,Baby Purple 66% Poss Het Albino Tegu,null,$399.99,05. Sep 19 
Lizards,Baby Spiny Neck Monitor,Varanus spinulosus,$499.99,05. Sep 19 
Inverts,Peruvian Blue Zebra Tarantula,“Peruvian Blue Birdeater”,$34.99,05. Sep 19 
Geckos,Baby Halloween Super Harlequin Crested Gecko,Correlophus ciliatus,$249.99,04. Sep 19 
Inverts,Antilles Pinktoe Tarantula,Caribena versicolor,$49.99,04. Sep 19 
Lizards,Green Carpet Chameleon,Furcifer viridis,$79.99,04. Sep 19 
Turtles,Kwangtung River Turtle,null,$74.99,04. Sep 19 
Lizards,Baby Green Amieva,null,$19.99,04. Sep 19 
Lizards,Baby Spiny Tailed Iguana,Ctenasaura similis,$14.99,04. Sep 19 
Snakes,Hissing Sand Snake,null,$39.99,04. Sep 19 
Lizards,Saharan Yellow Uromastyx,Uromastyx geyri,$49.99,04. Sep 19 
Snakes,Yearling Biak Green Tree Python,Morelia viridis,$349.99,04. Sep 19 
Geckos,Baby Anery Panther Gecko,Paroedura pictus,$24.99,04. Sep 19 
Geckos,Baby High Pink Nu Ana Leachianus Gecko,null,$649.99,04. Sep 19 
Lizards,Clubtail Iguana,Ctenosaura quinquecarinata,$29.99,04. Sep 19 
Turtles,Ornate Box Turtle,Terrapene ornata ornata,$149.99,04. Sep 19 
Inverts,Devil Scorpion,Vaejovis carolinianus,$14.99,04. Sep 19 
Tegus,Baby Black Flame Tegu,null,$299.99,04. Sep 19 
Lizards,Brookesia Superciliaris,Brookesia superciliaris,$64.99,04. Sep 19 
Geckos,Baby Aberrant Orange Stripe Gargoyle Gecko,Rhacodactylus auriculatus,$299.99,04. Sep 19 
Snakes,Baby Egyptian Diadem Rat Snake,Spalerosophis diadema,$49.99,03. Sep 19 
Snakes,Baby Sunglow Motley Cornsnake,Pantherophis guttatus,$39.99,03. Sep 19 
Amphibians,Albino 4 Spot Patternless Pacman Frog,C. cranwelli,$29.99,03. Sep 19 
Tortoises,Baby Sulcata Tortoise,Centrochelys sulcata,$59.99,03. Sep 19 
Inverts,Tunisian Fat Tail Scorpion,Androctonus australis,$39.99,03. Sep 19 
Inverts,Trinidad Chevron Tarantula,Psalmopoeus cambridgei,$29.99,03. Sep 19 
Isopods,Granulatum Roly-Poly Isopods,Armadillidium granulatum,$27.49,03. Sep 19 
Snakes,Yearling Otay Lake Rosy Boa,Lichanura trivirgata,$124.99,03. Sep 19 
Geckos,Baby Albino Mack Snow Leopard Gecko,Eublepharis macularius,$39.99,03. Sep 19 
Snakes,Baby Asian Vine Snakes,Ahaetulla prasina,$74.99,03. Sep 19 
Snakes,Malagasy Leaf-Nosed Snake,Langaha madagascariensis,$99.99,03. Sep 19 
Amphibians,Baby Green Suriname Horned Frog,Ceratophrys cornuta,$34.99,03. Sep 19 
Snakes,Baby Pueblan Milksnake,Lampropeltis triangulum campbelli,$39.99,03. Sep 19 
Snakes,Baby Scaleless Head Ball Python,Python regius,$224.99,03. Sep 19 
Tegus,Albino Ultra Purple Tegu #4,SALVATOR MERIANAE X RUFESCENS,"$2,499.99",03. Sep 19 
Inverts,Florida Bark Scorpion,Centruroides gracilis,$19.99,02. Sep 19 
Tortoises,Cherryhead  X Redfoot Tortoise,Chelonoidis carbonaria,$249.99,02. Sep 19 
Snakes,Baby Amel Tessera Cornsnake,Pantherophis guttatus,$74.99,02. Sep 19 
Lizards,Baby Black Roughneck Monitor,Varanus rudicollis,$224.99,02. Sep 19 
Turtles,Spot-Legged Wood Turtle,LIMITED TIME ONLY: Get a free red shrimp treats with every 3-pack of Spot-Legged Wood Turtle,$49.99,02. Sep 19 
Inverts,Darwin’s Goliath Centipede,null,$399.99,02. Sep 19 
Geckos,Purple Nuu Ana Leachianus Gecko,null,"$1,499.99",02. Sep 19 
Inverts,Thailand Zebra Tarantula,haplopelma albostriatum,$59.99,02. Sep 19 
Amphibians,Blue Azureus Tinctorius Dart Frog,Dendrobates tinctorius,$39.99,02. Sep 19 
Geckos,Baby Super Snow Leopard Gecko,Eublepharis macularius,$44.99,02. Sep 19 
Geckos,Baby Flame Pinstripe Crested Gecko,Correlophus ciliatus,$149.99,02. Sep 19 
Inverts,Mexican Golden Red Rump Tarantula,Brachypelma albiceps,$84.99,02. Sep 19 
Isopods,Dwarf Purple Isopods,Isopoda sp.,$9.99,02. Sep 19 
Lizards,Baby Mangrove Monitor,null,$124.99,02. Sep 19 
Lizards,Baby Super Blue Tegu,Salvator merianae,$499.99,02. Sep 19 
Isopods,Porcellio Scaber “Spanish Orange” Isopod,Porcellio Scaber,$14.99,02. Sep 19 
Amphibians,Green And Bronze Auratus Dart Frog,null,$39.99,02. Sep 19 
Inverts,Phillipine Leaf Insect,Phyllium philippinicum,$24.99,01. Sep 19 
Tortoises,Cherryhead  X Redfoot Tortoise,Chelonoidis carbonaria,$174.99,01. Sep 19 
Inverts,Thai Black Tarantula,Haplopelma minax,$39.99,01. Sep 19 
Geckos,Gold Dust Day Gecko,P. laticauda laticauda,$39.99,01. Sep 19 
Amphibians,Beautiful Mantella,Mantella pulchra,$24.99,01. Sep 19 
Lizards,Baby Blue Axanthic Iguana,Iguana iguana,$69.99,01. Sep 19 
Snakes,Baby Banana California Kingsnake,Lampropeltis getula californiae,$99.99,01. Sep 19 
Inverts,Purple Pinktoe Tarantula,null,$69.99,01. Sep 19 
Snakes,Baby Caramel Corn Snake,Pantherophis guttatus,$29.99,01. Sep 19 
Snakes,White Oak Rat Snake,Elaphe obsoleta spiloides,$29.99,01. Sep 19 
Snakes,Yearling Yorba Linda Rosy Boa,null,$124.99,01. Sep 19 
Tortoises,Aldabra Tortoise,Geochelone gigantea,"$34,999.99",01. Sep 19 
Snakes,Yearling Lake Chapala Rosy Boa,null,$124.99,01. Sep 19 
Snakes,Baby Eastern MilkSnake,null,$199.99,01. Sep 19 
Tegus,Albino Blue Tegu #4,Tupinambis Merianae,"$1,499.99",01. Sep 19 
Snakes,Baby Borneo Blood Python,Python curtus,$99.99,01. Sep 19 
Amphibians,Super Tigerleg Monkey Tree Frog,Phyllomedusa tomopterna,$29.99,01. Sep 19 
Amphibians,C.B. Baby Honey Australian Dumpy Tree Frog,Litoria caerulea,$19.99,01. Sep 19 
Geckos,Egyptian Sand Gecko,Stenodactylus petrii,$19.99,30. Aug 19 
Turtles,Baby Ornate x Florida Box Turtle,null,$149.99,30. Aug 19 
Snakes,Baby Darwin’s Carpet Python,null,$124.99,30. Aug 19 
Snakes,Baby Hypo Plasma Cornsnake,Pantherophis guttatus,$74.99,30. Aug 19 
Snakes,Guyana Redtail Boa,null,$224.99,30. Aug 19 
Amphibians,Large Sunburst Pacman Frog,Ceratophrys cranwelli,$34.99,30. Aug 19 
Tegus,Albino Ultra Purple Tegu #3,SALVATOR MERIANAE X RUFESCENS,"$2,499.99",30. Aug 19 
Tegus,Albino Snowmaker Tegu #1,Tupinambis Merianae X Tupinambis rufescens,"$2,499.99",30. Aug 19 
Amphibians,Brown Pacman Frog,Ceratophrys cranwelli,$19.99,30. Aug 19 
Lizards,Emma Gray’s Forest Lizard,Calotes emma,$9.99,30. Aug 19 
Turtles,Baby Chiapas Giant Musk Turtle,Staurotypus salvinii,$99.99,30. Aug 19 
Inverts,2-3 Inch Brazilian White Knee Tarantula,Acanthoscurria geniculata,$79.99,30. Aug 19 
Turtles,Asian Leaf Turtle,C. sp.,$39.99,30. Aug 19 
Inverts,African Stick Mantis,Heterochaeta Orientalis sp,$29.99,30. Aug 19 
Snakes,Baby Brooks Kingsnake,Lampropeltis getula brooksi,$44.99,29. Aug 19 
Snakes,Baby Albino Cornsnake,Pantherophis guttatus,$49.99,29. Aug 19 
Inverts,Indian Violet Tarantula,Chilobrachy fimbriatus,$49.99,29. Aug 19 
Turtles,Baby Victoria Pink Eared Turtle,null,$149.99,29. Aug 19 
Inverts,Panamanian Blonde Tarantula,Psalmopoeus pulcher,$39.99,29. Aug 19 
Snakes,Brown Water Snake,Nerodia taxispilota,$14.99,29. Aug 19 
Tegus,Albino Snowmaker Tegu #2,Tupinambis Merianae X Tupinambis rufescens,"$2,499.99",29. Aug 19 
Amphibians,Baby Super Tigerleg Monkey Tree Frog,Phyllomedusa tomopterna,$49.99,29. Aug 19 
Snakes,Baby Irian Jaya Caramel Zebra Carpet Python,Morelia spilota variegata x cheynei,$399.99,29. Aug 19 
Geckos,Baby Blood Orange Tristripe Crested Gecko,Correlophus ciliatus,$174.99,29. Aug 19 
Snakes,Madagascar Giant Hognose Snake,null,$199.99,29. Aug 19 
Lizards,12+ Inch Translucent Veiled Chameleon,Chamaeleo calyptratus,$64.99,29. Aug 19 
Lizards,Monkey Anole,null,$44.99,29. Aug 19 
Isopods,Mardi Gras Dalmatian Isopod,null,$44.99,29. Aug 19 
Amphibians,Amazon Milk Frog,Trachycephalus resinifictrix,$24.99,29. Aug 19 
Lizards,Crocodile Tegu,null,"$5,499.99",29. Aug 19 
Isopods,Oniscus Asellus “Skirted” Isopod,Oniscus asellus,$9.99,29. Aug 19 
Tortoises,Baby Greek Tortoise,Testudo graeca,$174.99,29. Aug 19 
Tortoises,Serrated Hingeback Tortoise,Kinixys erosa,$99.99,29. Aug 19 
Snakes,Amazon Tree Boa,Corallus hortulanus,$34.99,27. Aug 19 
Snakes,Hissing Sand Snake,null,$39.99,27. Aug 19 
Turtles,Baby Schultze’s Snapping Turtle,null,$59.99,27. Aug 19 
Snakes,Baby Sumatran Short Tail Python,Python curtus,$149.99,27. Aug 19 
Lizards,Baby Club Tail Iguana,Ctenosaura quinquecarinata,$29.99,27. Aug 19 
Snakes,Baby Costa Rican Rainbow Boa,Epicrates cenchria,$99.99,27. Aug 19 
Snakes,Baby Butter Corn Snake,Pantherophis guttatus,$29.99,27. Aug 19 
Lizards,Calico Abronia Lythrochila,Abronia lythrochila,$349.99,27. Aug 19 
Inverts,Southern Horned Baboon Tarantula,Ceratogyrus darlingi,$29.99,27. Aug 19 
Snakes,Baby Motley Cornsnake,Pantherophis guttatus,$49.99,27. Aug 19 
Inverts,Tanzanian Chestnut Baboon Tarantula,null,$24.99,27. Aug 19 
Snakes,Baby Vanishing Pattern Cornsnake,null,$54.99,27. Aug 19 
Tegus,Gold Tegu,Tupinambis teguixin,$39.99,27. Aug 19 
Tegus,Baby Purple Tegu,Salvator sp.(merianea x rufescens),$199.99,27. Aug 19 
Inverts,Six – Eye Sand Spider,Sicarius hahni,$39.99,26. Aug 19 
Venomous,Desert Horned Viper,Cerastes cerastes,$299.99,26. Aug 19 
Lizards,Similis Monitor,Varanus Similis,$149.99,26. Aug 19 
Turtles,Baby Peninsula Cooter Turtle,Pseudemys peninsularis,$19.99,26. Aug 19 
Geckos,Baby Albino Panther Gecko,Paroedura pictus,$89.99,26. Aug 19 
Inverts,South African Spotted Baboon Tarantula,Augacephalus ezendami,$19.99,26. Aug 19 
Inverts,Red Claw Emperor Scorpion,Pandinus cavimanus,$14.99,26. Aug 19 
Snakes,Yearling San Gabriel Mountain Rosy Boa,null,$124.99,26. Aug 19 
Snakes,Baby Emerald Tree Boa,Corallus caninus,$499.99,26. Aug 19 
Amphibians,Giant Waxy Monkey Tree Frog,Phyllomedusa bicolor,$59.99,26. Aug 19 
Snakes,BRAHIMINY BLIND SNAKE,null,$9.99,26. Aug 19 
Inverts,Baby Asian Forest Scorpion,null,$14.99,26. Aug 19 
Snakes,Elephant Trunk Snake,null,$124.99,26. Aug 19 
Turtles,Baby Nicaraguan Ornate Slider Turtle,null,$24.99,26. Aug 19 
Tegus,Albino Ultra Purple Tegu #1,SALVATOR MERIANAE X RUFESCENS,"$2,499.99",26. Aug 19 
Snakes,Baby Buf Motley Cornsnake,null,$49.99,26. Aug 19 
Inverts,Thai Giant Shield Mantis,Rhombodera megaera,$29.99,25. Aug 19 
Lizards,Fringe Fingered Leopard Lizard,Acanthodactylus pardalis,$14.99,24. Aug 19 
Amphibians,Foam Nest Tree Frog,Chiromantis xerampelina,$14.99,24. Aug 19 
Geckos,Uroplatus sameiti,Uroplatus sameiti,$249.99,24. Aug 19 
Venomous,Southern Cotton Mouth,Agkistrodon piscivorus,$39.99,24. Aug 19 
Inverts,Brazilian Blue Dwarf Beauty,null,$44.99,24. Aug 19 
Snakes,Baby Blade Clown Ball Python,null,$349.99,24. Aug 19 
Amphibians,Large Albino Pacman Frog,Ceratophrys cranwelli,$29.99,24. Aug 19 
Inverts,Malaysian Earth Tiger,Cyriopagopus schioedtei,$49.99,24. Aug 19 
Lizards,Red Eyed Crocodile Skink,Tribolonotus gracilis,$99.99,24. Aug 19 
Snakes,Baby Kenyan Sand Boa,Eryx colubrinus,$59.99,24. Aug 19 
Lizards,12+ Inch Veiled Chameleon,Chamaeleo calyptratus,$59.99,24. Aug 19 
Snakes,Green Cat Eye Snake Pair,null,$399.99,24. Aug 19 
Snakes,Baby Albino California Kingsnake,Lampropeltis getula californiae,$54.99,22. Aug 19 
Snakes,Baby Grey Ratsnake,null,$39.99,22. Aug 19 
Inverts,Orange Spotted Assassin Bug,null,$34.99,22. Aug 19 
Lizards,Baby Translucent Bearded Dragon,Pogona vitticeps,$49.99,22. Aug 19 
Amphibians,Baby White Lined Monkey Tree Frog,Phyllomedusa vaillantii,$59.99,22. Aug 19 
Lizards,Brookesia Thieli,Brookesia thieli,$64.99,22. Aug 19 
Tegus,Albino Snowmaker Tegu #4,Tupinambis Merianae X Tupinambis rufescens,"$2,499.99",22. Aug 19 
Tegus,Baby Albino Tiger Ice Tegu,Tupinambis merianae X Tupinambis rufescens,"$2,999.99",22. Aug 19 
Snakes,Egyptian Diadem Rat Snake,Spalerosophis diadema,$39.99,22. Aug 19 
Lizards,O’Shaughnessy’s Chameleon,Calumma oshaughnessyi,$699.99,22. Aug 19 
Amphibians,Giant Orange Tinctorius Dart Frog,null,$39.99,22. Aug 19 
Snakes,Green Snake,Opheodrys aestivus,$19.99,22. Aug 19 
Lizards,Baby Halmahera Blue Tongue Skink,Tiliqua gigas,$149.99,22. Aug 19 
Isopods,Montenegro Roly-Poly Isopods,Armadillidium klugii,$39.99,22. Aug 19 
Lizards,Baby Jackson’s Chameleon,Trioceros jacksonii,$24.99,21. Aug 19 
Tortoises,Baby Russian Tortoise,null,$174.99,21. Aug 19 
Lizards,Juvenile Whitethroat Monitor,Varanus albigularis,$399.99,21. Aug 19 
Snakes,Florida Rough Green Snake,Opheodrys aestivus,$14.99,21. Aug 19 
Inverts,Costa Rican Red Leg Tarantula,null,$124.99,21. Aug 19 
Snakes,Ribbon Snake,Thamnophis sauritus,$9.99,20. Aug 19 
Geckos,Ember Crested Gecko (HYBRID),Correlophus ciliatus x sarasinorum (HYBRID),"$4,999.99",20. Aug 19 
Inverts,Featherleg Baboon Tarantula,Stromatopelma calceatum,$29.99,20. Aug 19 
Lizards,Abronia Leurolepis,Abronia leurolepis,$499.99,20. Aug 19 
Snakes,Baby Hypo Scaleless Everglades Ratsnake,Elaphe obsoleta rossalleni,$199.99,20. Aug 19 
Snakes,Baby Caramel Western Hognose Snake,null,$299.99,20. Aug 19 
Lizards,Green Amieva,Ameiva ameiva,$14.99,20. Aug 19 
Snakes,Adult Ball Python,Python regius,$64.99,20. Aug 19 
Snakes,Annulated Boa,Corallus annulatus,$599.99,20. Aug 19 
Lizards,Abronia Taeniata,null,$299.99,20. Aug 19 
Lizards,Baby Axanthic Halmahera Blue Tongue Skink,Tiliqua gigas,$399.99,20. Aug 19 
Lizards,Baby Hypo Leatherback Bearded Dragon,Pogona vitticeps,$54.99,20. Aug 19 
Amphibians,Eastern Newt,Notophthalmus viridescens,$9.99,20. Aug 19 
Lizards,Zonosaurus laticaudatus,Zonosaurus laticaudatus,$14.99,20. Aug 19 
Lizards,Baby Saharan Red Uromastyx,Uromastyx geyri,$124.99,19. Aug 19 
Lizards,Yearling Green Iguana,Iguana iguana,$19.99,19. Aug 19 
Inverts,Colombian Giant Redleg Tarantula,Megaphobema Robustum,$39.99,19. Aug 19 
Venomous,Baby Mexican West Coast Rattlesnake,Crotalus basiliscus,$124.99,19. Aug 19 
Inverts,Curly Haired Tarantula,Brachypelma albopilosum,$24.99,19. Aug 19 
Geckos,Brook’s Gecko,Hemidactylus brookii,$2.99,19. Aug 19 
Lizards,9-11 Inch Hypo Translucent Bearded Dragon,null,$99.99,19. Aug 19 
Lizards,Baby Leatherback Bearded Dragon,Pogona vitticeps,$49.99,19. Aug 19 
Amphibians,Madagascar Reeds Frogs,Heterixalus madagascariensis,$9.99,19. Aug 19 
Lizards,White Eyed Crocodile Skink,Triblonotus novaeguineae,$149.99,19. Aug 19 
Amphibians,Adult Green And Black Auratus Dart Frog,LIMITED TIME OFFER: GET 50% OFF SHIPPING WITH THE PURCHASE OF 3 OR MORE,$34.99,19. Aug 19 
Snakes,Orange Amazon Tree Boa,Corallus hortulanus,$199.99,19. Aug 19 
Snakes,Baby Caramel Jaguar Carpet Python,Morelia Spilota McDowelli,$199.99,19. Aug 19 
Turtles,3-4 Inch Stinkpot Musk Turtle,Sternotherus odoratus,$14.99,19. Aug 19 
Tortoises,Yellowfoot Tortoises,Geochelone denticulata,$249.99,19. Aug 19 
Inverts,Venezuelan Green Bottle Blue Tarantula,Chromatopelma cyaneopubescens,$69.99,18. Aug 19 
Amphibians,Inferalanis Tinctorius Dart Frog,Dendrobates tinctorious,$29.99,18. Aug 19 
Inverts,Texas Brown Millipede,Orthoporus ornatus,$5.99,18. Aug 19 
Inverts,African Trap Door Spider,Ctenolophus purcell,$19.99,18. Aug 19 
Turtles,Baby Chinese Golden Thread Turtles,Ocadia sinensis,$39.99,18. Aug 19 
Lizards,Baby Ornate Uromastyx,Uromastyx ornata,$274.99,18. Aug 19 
Snakes,Baby Broad Banded Mountain Ratsnake,Oreocryptophis porphyraceus laticincta,$249.99,17. Aug 19 
Tortoises,Baby Marginated Tortoise,Testudo marginata,$124.99,17. Aug 19 
Lizards,Red Headed Agama,Agama agama,$14.99,17. Aug 19 
Turtles,Baby Red Ear Slider Turtle,Trachemys scripta elegans,$5.99,17. Aug 19 
Lizards,Green Anole,Anolis carolinensis,$3.99,17. Aug 19 
Snakes,Baby Northern Banded Water Snake,Nerodia sipedon,$29.99,17. Aug 19 
Amphibians,Lipstick Pacman Frog,Ceratophrys cranwelli,$24.99,17. Aug 19 
Snakes,Baby Mexican Rosy Boa,Lichanura trivirgata trivirgata,$99.99,17. Aug 19 
Inverts,Rear Horn Baboon Tarantula,Ceratogyrus darlingi,$34.99,17. Aug 19 
Venomous,McGregor’s Pit Viper,Trimeresurus mcgregori,$999.99,17. Aug 19 
Lizards,16+ Inch Veiled Chameleon,Chamaeleo calyptratus,$74.99,17. Aug 19 
Inverts,African Twig Mantis,Popa Spurca,$29.99,17. Aug 19 
Lizards,Baby Timor Monitor,Varanus timorensis,$174.99,17. Aug 19 
Geckos,Flying Gecko,Ptychozoon kuhli,$19.99,16. Aug 19 
Inverts,Gooty Sapphire Ornamental Tarantula,Poecilotheria metallica,$94.99,16. Aug 19 
Inverts,Stick Insect,Phanocles daxala,$29.99,16. Aug 19 
Isopods,Armadillidium Sordidum “Punta Cana” Isopod,Armadillidium Sordidum,$14.99,15. Aug 19 
Snakes,Baby Burmese Python,Python bivittatus,$249.99,15. Aug 19 
Lizards,Plica Umbra Lizard,Plica umbra,$19.99,15. Aug 19 
Snakes,Red MilkSnake,null,$249.99,15. Aug 19 
Snakes,Baby Central American Boa,Boa Constrictor imperator,$49.99,15. Aug 19 
Geckos,Fat Tailed Gecko,Hemitheconyx caudicinctus,$29.99,15. Aug 19 
Tegus,Baby Argentine Red Tegu,Tupinambis rufescens,$199.99,15. Aug 19 
Snakes,Baby Red Tailed Green Ratsnake,null,$99.99,15. Aug 19 
Tortoises,Baby Burmese Black Mountain Tortoise,Manouria emys phayrei,$299.99,15. Aug 19 
Amphibians,Red Eft Newt,null,$7.49,15. Aug 19 
Geckos,Baby Premium Crested Gecko,Correlophus ciliatus,$39.99,15. Aug 19 
Snakes,Baby False Water Cobra,null,$249.99,15. Aug 19 
Amphibians,Slimy Salamander,Plethodon glutinosus,$19.99,14. Aug 19 
Snakes,Green Water Snake,null,$14.99,14. Aug 19 
Amphibians,Smooth Sided Toad,null,$34.99,14. Aug 19 
Snakes,Viper Boa,null,$199.99,14. Aug 19 
Inverts,Thistle Mantis,null,$49.99,14. Aug 19 
Inverts,Regal Jumping Spider,Phidippus regius,$14.99,13. Aug 19 
Amphibians,Yellow Barred Tiger Salamander,null,$34.99,13. Aug 19 
Turtles,Baby Florida Softshell Turtle,Apalone ferox,$9.99,13. Aug 19 
Inverts,Marshalls Horned Baboon Tarantula,null,$39.99,13. Aug 19 
Lizards,Bearded Pygmy Chameleon,Rieppeleon brevicaudatus,$24.99,13. Aug 19 
Snakes,Baby Mexican Rosy Boas,Lichanura trivirgata saslowi,$99.99,13. Aug 19 
Lizards,Halmahera Blue Tongue Skink,Tiliqua gigas,$224.99,13. Aug 19 
Lizards,6-8 Inch Citrus Leatherback Bearded Dragon,Pogona vitticeps,$59.99,13. Aug 19 
Snakes,Baby Nicaraguan Boa,Boa constrictor imperator,$49.99,13. Aug 19 
Inverts,Sun Spider,Solifugae sp.,$24.99,13. Aug 19 
Snakes,Baby Albino Redfactor Cornsnake,Pantherophis guttatus,$64.99,13. Aug 19 
Lizards,Baby Abronia Graminea,null,$99.99,12. Aug 19 
Geckos,Raptor Leopard Gecko,Eublepharis macularius,$59.99,12. Aug 19 
Inverts,Trinidad Olive Tarantula,Holothele incei,$29.99,12. Aug 19 
Lizards,Baby Nile Monitor,null,$24.99,11. Aug 19 
Turtles,Baby Hypo Common Snapping Turtle,Chelydra serpentina,$149.99,11. Aug 19 
Tegus,Baby Red Anertherystic Tegu,Tupinambris merianae,$749.99,11. Aug 19 
Turtles,Baby Spiny Softshell Turtle,Apalone spinifera,$24.99,11. Aug 19 
Snakes,Baby Mexican Hognose Snake,Heterodon kennerlyi,$149.99,11. Aug 19 
Inverts,Cobalt Blue Tarantula,Haplopelma lividum,$59.99,11. Aug 19 
Snakes,Baby Trans-Pecos Rat Snake,Bogertophis subocularis,$99.99,11. Aug 19 
Lizards,Giant Plated Lizard,Gerrhosaurus validus,$69.99,11. Aug 19 
Geckos,Baby Crested Gecko,Correlophus ciliatus,$39.99,11. Aug 19 
Amphibians,Red Eyed Tree Frog,Agalychnis callidryas,$24.99,11. Aug 19 
Lizards,Meller’s Chameleon,Trioceros melleri,$124.99,11. Aug 19 
Geckos,Adult Normal Panther Gecko,Paroedura pictus,$29.99,11. Aug 19 
Turtles,Baby Black Wood Turtle,Rhinoclemmys funerea,$64.99,11. Aug 19 
Inverts,Texas Tiger Centipede,Scolopendra polymorpha,$14.99,10. Aug 19 
Inverts,Redslate Ornamental Tarantula,Poecilotheria rufilata,$69.99,10. Aug 19 
Inverts,Vietnam Electric Blue Tarantula,Chilobrachys sp.,$149.99,10. Aug 19 
Lizards,Baby Yucatan Spiny Tail Iguana (Ctenosaura Defensor),Ctenosaura defensor,$499.99,10. Aug 19 
Amphibians,Tigerleg Monkey Tree Frog,Phyllomedusa hypocondrialis,$19.99,10. Aug 19 
Tegus,Albino Blue Tegu #3,Tupinambis Merianae,"$1,499.99",10. Aug 19 
Snakes,Baby Hypo Blood Colombian Redtail Boa,null,$499.99,10. Aug 19 
Inverts,Adult Australian Giant Prickly Stick Insect,null,$29.99,10. Aug 19 
Lizards,C.B. 4 to 5 inch Veiled Chameleon,Chamaeleo calyptratus,$39.99,10. Aug 19 
Snakes,Baby Reticulated Python,Python reticulatus,$99.99,10. Aug 19 
Inverts,Spiny Flower Mantis,null,$39.99,10. Aug 19 
Tegus,Baby Ice Tegu Het Albino,Tupinambis Merianae X Tupinambis rufescens,$499.99,10. Aug 19 
Turtles,Baby Caramel Pink Albino Red Ear Slider Turtle,Trachemys scripta elegans,$899.99,10. Aug 19 
Geckos,Baby Chocolate Mandarin Pinstripe Crested Gecko,Correlophus ciliatus,$249.99,10. Aug 19 
Snakes,Baby San Luis Potosi Kingsnake,Lampropeltis mexicana mexicana,$49.99,10. Aug 19 
Snakes,Sunbeam Snake,null,$44.99,10. Aug 19 
Isopods,Porcellio Scaber “Red Calico” Isopod,Porcellio Scaber,$14.99,10. Aug 19 
Snakes,Montpellier Snake,Malpolon monspessulanus,$49.99,10. Aug 19 
Turtles,Baby Florida Red Belly Slider Turtle,Pseudemys nelsoni,$19.99,08. Aug 19 
Lizards,Sub Adult Chinese Water Dragon,Physignathus cocincinus,$29.99,08. Aug 19 
Venomous,3-5 Foot West African Gaboon Viper,Bitis gabonica rhinosceros,$299.99,08. Aug 19 
Lizards,Baby Veiled Chameleons,Chamaeleo calyptratus,$19.99,08. Aug 19 
Snakes,Baby Albino Kenyan Sand Boa,Eryx colubrinus,$124.99,08. Aug 19 
Snakes,Baby Scaleless Head Pastel Yellowbelly Ball Python,Python regius,$424.99,08. Aug 19 
Lizards,Ornate Girdled Lizard,Zonosaurus ornatus,$24.99,08. Aug 19 
Lizards,Brown Anole,null,$2.99,08. Aug 19 
Inverts,Burrowing Scorpion,Opistophthalmus boehmi,$14.99,08. Aug 19 
Snakes,Baby Ultramel Motley Cornsnake,Pantherophis guttatus,$74.99,08. Aug 19 
Isopods,Porcellio spinicornis “Brick Work” Isopod,null,$9.99,08. Aug 19 
Geckos,Spearpoint Leaf-Tailed Gecko,Uroplatus ebenaui,$224.99,08. Aug 19 
Inverts,Egyptian Green Scorpion,Buthacus leptochelys,$24.99,07. Aug 19 
Geckos,Baby Bell Albino Leopard Gecko,Eublepharis macularius,$39.99,07. Aug 19 
Snakes,Baby Candy Cane Albino Cornsnake,Pantherophis guttatus,$34.99,06. Aug 19 
Lizards,Ocellated Skink,Chalcides ocellatus,$9.99,06. Aug 19 
Snakes,Chinese Bamboo Ratsnake,Oreocryptophis porphyraceus vaillanti,$179.99,06. Aug 19 
Amphibians,Apricot Pacman Frog,null,$34.99,06. Aug 19 
Turtles,Baby Hypo Yellowbelly Slider Turtle,Trachemys scripta scripta,$224.99,06. Aug 19 
Venomous,West African Bush Viper,Atheris chlorechis,$149.99,06. Aug 19 
Isopods,Zebra Roly-Poly Isopods,Armadillidium maculatum,$14.99,06. Aug 19 
Lizards,Fischer’s Chameleon,Kinyongia fischeri,$44.99,06. Aug 19 
Snakes,Banded File Elephant Trunk Snake,Acrochordus granulatus,$74.99,06. Aug 19 
Geckos,Baby Mt. Koghis Leachianus Gecko,null,"$1,199.99",06. Aug 19 
Lizards,Schneider Skink,null,$29.99,06. Aug 19 
Turtles,Baby Yellowbelly Slider Turtle,Trachemys scripta scripta,$9.99,05. Aug 19 
Snakes,Emerald Tree Boa,Corallus caninus,$224.99,05. Aug 19 
Amphibians,American Bullfrog,Lithobates catesbeianus,$9.99,05. Aug 19 
Lizards,Juvenile Chinese Water Dragon,Physignathus cocincinus,$19.99,05. Aug 19 
Isopods,Roly-Poly Isopods,Armadillidium vulgare,$9.99,05. Aug 19 
Geckos,Golden Gecko,null,$5.99,05. Aug 19 
Lizards,Baby Monkey Tailed Skink,Corucia zebrata,$499.99,03. Aug 19 
Turtles,Asian Box Turtle,Cuora amboinensis,$44.99,03. Aug 19 
Snakes,Baby Sinaloan Milksnake,Lampropeltis triangulum,$49.99,03. Aug 19 
Isopods,Orange Roly-Poly Isopods,Armadillidium vulgare,$9.99,03. Aug 19 
Snakes,Baby Eastern Chain Kingsnake,Lampropeltis getula getula,$59.99,03. Aug 19 
Snakes,Baby Diamond Python,Morelia spilota spilota,$399.99,03. Aug 19 
Snakes,Black Banded Snake,Scolecophis atrocinctus,$299.99,03. Aug 19 
Tegus,Baby Albino Cherry Ice Tegu,TUPINAMBIS MERIANAE X TUPINAMBIS RUFESCENS,"$2,499.99",03. Aug 19 
Tegus,Baby Deep Purple Tegu,SALVATOR MERIANAE X RUFESCENS,$499.99,03. Aug 19 
Tegus,Baby Albino Purple Ice Tegu,TUPINAMBIS MERIANAE X TUPINAMBIS RUFESCENS,"$2,499.99",03. Aug 19 
Lizards,Blue Tree Monitors,Varanus macraei,"$2,499.99",03. Aug 19 
Tortoises,Baby Giant South African Leopard Tortoise,Geochelone pardalis pardalis,$274.99,03. Aug 19 
Snakes,Baby Lavender Brooks Kingsnake,Lampropeltis getula brooksi,$99.99,03. Aug 19 
Lizards,Dumeril’s Monitor,Varanus dumerilii,$274.99,01. Aug 19 
Snakes,Baby Aberrant California Kingsnake,Lampropeltis getula californiae,$99.99,01. Aug 19 
Snakes,Water Snakes,null,$9.99,01. Aug 19 
Snakes,Baby Sunkissed Cornsnake,Pantherophis guttatus,$49.99,01. Aug 19 
Inverts,Chilean Bronze Tarantula,Paraphysa scrofa,$29.99,01. Aug 19 
Snakes,Baby Schokari Sand Racer,Psammophis schokari,$49.99,01. Aug 19 
Geckos,Super Mossy Leaftail Gecko,Uroplatus sameiti,$149.99,01. Aug 19 
Snakes,Baby Jungle Sunglow Colombian Redtail Boa,Boa constrictor imperator,$499.99,31. Jul 19 
Lizards,Baby Ocellated Uromastyx,Uromastyx ocellatus,$124.99,31. Jul 19 
Inverts,Egyptian Gold Scorpion,Buthacus Occidentalis,$24.99,31. Jul 19 
Amphibians,Dragon Wing Ornate Pacman,Ceratophrys ornata,$29.99,31. Jul 19 
Amphibians,Sunburst Pacman Frog,Ceratophrys cranwelli,$24.99,31. Jul 19 
Turtles,Baby Western Painted Turtle,null,$14.99,31. Jul 19 
Snakes,Baby Ghost Cornsnake,Pantherophis guttatus,$44.99,31. Jul 19 
Snakes,Baby Blonde Trans-Pecos Rat Snake,null,$124.99,31. Jul 19 
Venomous,Jerdoni’s Pit Viper,Protobothrops jerdonii,$399.99,29. Jul 19 
Lizards,Desert Spiny Lizard,Sceloporus magister,$14.99,29. Jul 19 
Snakes,Pied Ball Python,null,$349.99,29. Jul 19 
Lizards,Parson’s Chameleon,Calumma parsonii,$699.99,29. Jul 19 
Lizards,Madagascan Spiny Tail Iguana (Cyclops),Oplurus cyclurus,$29.99,29. Jul 19 
Isopods,Porcellio Dilatatus “Giant Canyon” Isopod,Porcellio dilatatus,$9.99,29. Jul 19 
Inverts,White Spotted Assassin Bug,null,$29.99,29. Jul 19 
Amphibians,C.B. Baby Blue Eyed Dumpy Tree Frog,Litoria caerulea,$29.99,29. Jul 19 
Venomous,Prairie Rattlesnake,Crotalus viridis,$124.99,29. Jul 19 
Lizards,Smallwood’s Anole,Anolis smallwoodi,$149.99,29. Jul 19 
Inverts,Madagascan Flat Scorpion,Opisthacanthus madagascariensis,$24.99,28. Jul 19 
Lizards,Baby Chinese Water Dragon,Physignathus cocincinus,$12.49,28. Jul 19 
Amphibians,Baby Brown Suriname Horned Frog,Ceratophrys cornuta,$39.99,28. Jul 19 
Turtles,Baby Florida Snapping Turtle,Chelydra serpentina,$29.99,25. Jul 19 
Lizards,Giant Water Skink,null,$149.99,25. Jul 19 
Snakes,Baby Aru Green Tree Python,Morelia viridis,$499.99,25. Jul 19 
Snakes,Baby Paradox Snow Kenyan Sand Boa,Eryx colubrinus,$199.99,25. Jul 19 
Lizards,Mophead Iguana,Uranoscodon superciliosus,$24.99,24. Jul 19 
Lizards,Baby Hypo Bearded Dragon,Pogona vitticeps,$59.99,24. Jul 19 
Snakes,Flower’s Racer,Coluber florulentus,$39.99,24. Jul 19 
Snakes,Baby Fire Cornsnake,Pantherophis guttatus,$39.99,24. Jul 19 
Inverts,Scarlet Millipede,Trigoniulus corallinus,$2.99,24. Jul 19 
Snakes,Baby Snow Florida Kingsnake,Lampropeltis getula floridana,$149.99,24. Jul 19 
Turtles,Baby Three Striped Mud Turtle,Kinosternon baurii,$59.99,24. Jul 19 
Inverts,Flat Millipede,null,$4.99,24. Jul 19 
Snakes,Sorong Green Tree Python,Morelia viridis,$599.99,24. Jul 19 
Amphibians,Green & Black Auratus Dart Frog,Dendrobates auratus,$39.99,24. Jul 19 
Snakes,Baby Anaconda Het Albino Western Hognose Snake,Heterodon nasicus,$124.99,24. Jul 19 
