Species,Common name,Scientific name,Price,months
Lizards,Baby Frilled Dragon,Chlamydosaurus kingii,$149.99,10
Turtles,Pinkbelly Snapping Turtle,Elseya novaeguinea,$149.99,10
Snakes,Baby Axanthic Western Hognose Snake,,$199.99,10
Inverts,Blue Foot Baboon Tarantula,Idiothele mira,$49.99,10
Snakes,Scarlet Snake,Cemophora coccinea,$39.99,10
Lizards,Baby Blue Spotted Timor Monitor,Varanus timorensis,$149.99,10
Turtles,Baby Painted Terrapin Turtle,Batagur borneoensis,$199.99,10
Lizards,Baby Witblits Bearded Dragons,Pogona vitticeps,$399.99,10
Tortoises,Baby Burmese Brown Mountain Tortoise,Manouria emys,$249.99,10
Snakes,Baby Axanthic Carpet Python,,$349.99,10
Tegus,Albino Snowmaker Tegu #3,Tupinambis Merianae X Tupinambis rufescens,"$2,499.99",10
Snakes,Baby Striped Black Ratsnake,,$29.99,10
Snakes,Grey Ratsnake,,$59.99,10
Tortoises,Baby Yellowfoot Tortoise,Geochelone denticulata,$149.99,10
Amphibians,Lemon Albino Pacman Frog,Ceratophrys cranwelli,$24.99,10
Turtles,Baby Pearl River Map Turtle,Graptemys pearlensis,$149.99,10
Snakes,Baby Pastel HRA Ball Python,,$109.99,10
Lizards,Abronia Graminea,Abronia graminea,$124.99,10
Snakes,Machete Snake,Chironius carinatus,$124.99,10
Lizards,Baby Leopard Lizard,,$19.99,10
Snakes,Baby T Negative Matrix Blood Python,Python brongersMay,$399.99,10
Lizards,Helmeted Iguana,Corytophanes hernandesii,$299.99,10
Lizards,6-8 Inch Red Bearded Dragon,Pogona vitticeps,$49.99,10
Snakes,Dekay Snake,,$6.99,10
Amphibians,Medium Green Pacman Frog,,$39.99,10
Snakes,Arizona Mountain Kingsnake,Lampropeltis pyromelana,$199.99,10
Geckos,Baby Mack Snow Leopard Gecko,Eublepharis macularius,$24.99,10
Inverts,Amazon Ribbed Tree Spider,Iridopelma hirsutum,$49.99,10
Isopods,Porcellio Laevis “Grey” Isopods,Porcellio Laevis,$9.99,10
Inverts,Bumblebee Millipede,Anadenobolus monilicornis,$3.99,10
Turtles,Baby Krefft’s Sideneck Turtle,Chelymys krefftii,$59.99,10
Tortoises,Baby Hermann’s Tortoise,Testudo hermanii boettgeri,$149.99,10
Lizards,Whitethroat Monitor,Varanus albigularis,$299.99,10
Geckos,Baby Dalmation Peach Pinstripe Crested Gecko,Correlophus ciliatus,$174.99,10
Snakes,Egyptian Cat Eye Snake,,$149.99,10
Inverts,Arizona Blonde Tarantula,,$34.99,10
Venomous,West African Rhino Viper,Bitis nasicornis,$349.99,10
Turtles,Baby Mississippi Map Turtle,Graptemys pseudogeographica kohni,$14.99,10
Lizards,Baby Green Tree Monitor,Varanus prasinus,$999.99,10
Inverts,Zimbabwe Grey Baboon Tarantula,Ceratogyrus meridionalis,$34.99,10
Lizards,Black Tree Monitor,,"$1,399.99",10
Venomous,Baby West African Rhino Viper,Bitis nasicornis,$749.99,10
Inverts,Peruvian Yellow Leg Centipede,Scolopendra robusta,$399.99,10
Tegus,Sub-Adult Chacoan Whitehead Tegu,,$249.99,10
Snakes,Baby Sunset Redtail Boa,Boa constrictor x imperator,$299.99,10
Inverts,Yellow Banded Pinktoe Tarantula,Avicularia juruensis,$69.99,10
Lizards,Western Fence Lizard,Sceloporus occidentalis,$19.99,10
Amphibians,Anthony’s Dart Frog,Epipedobates anthonyi,$34.99,10
Turtles,New Guinea Stream Turtle,,$59.99,10
Snakes,Baby Albino Super Anaconda Hognose Snake,,$349.99,10
Inverts,Chilean Dwarf Scorpion,Bothreas Gervaisii,$34.99,10
Inverts,Mexican Pink Tarantula,Brachypelma klaasi,$99.99,10
Geckos,Mack Snow Raptor Leopard Gecko,Eublepharis macularius,$64.99,10
Snakes,Baby Zebra Jaguar Carpet Python,Morelia spilota cheynei,$599.99,10
Amphibians,Two Line Salamander,Eurycea bislineata,$9.99,10
Turtles,Baby Geographic Map Turtle,Graptemys geographica,$39.99,10
Snakes,Baby Ultramel Anery Cornsnake,Pantherophis guttatus,$74.99,10
Amphibians,Grey Chubby Frog,Kaloula sp.,$9.99,10
Turtles,Baby Lime Green Albino Red Ear Slider Turtle,Trachemys scripta elegans,$299.99,10
Turtles,Baby Chinese Box Turtle,Cuora flavomarginata,$179.99,10
Amphibians,Green Fantasy Pacman Frog,C. cornuta X C. cranwelli,$34.99,10
Turtles,Mata Mata Turtle,Chelus fimbriata,$224.99,10
Inverts,Borneo Black Tarantula,Lampropelma sp.,$34.99,10
Snakes,Scarlet Kingsnake,Lampropeltis triangulum elapsoides,$124.99,10
Inverts,Guatemalan Tiger Rump Tarantula,Davus pentalore,$99.99,9
Snakes,Yellow Bellied Puffing Snake,,$499.99,9
Geckos,Bibron’s Gecko,,$14.99,9
Snakes,Madagascar Cat Eye Snake,Madagascarophis colubrinus,$174.99,9
Lizards,Puerto Rican Crested Anole,Anolis cristatellus cristatellus,$6.99,9
Lizards,Black Eye Abronia Graminea,,$349.99,9
Snakes,Baby Banana Albino California Kingsnake,Lampropeltis getula californiae,$149.99,9
Tegus,Anery Snowmaker Tegu,Tupinambis Merianae X Tupinambis rufescens,$699.99,9
Tegus,Baby Merica Tegu,,$699.99,9
Amphibians,Yellow Sipaliwini Tinctorius Dart Frog,,$39.99,9
Lizards,Baby Spanish Jeweled Lacerta,Timon lepidus,$74.99,10
Snakes,Baby Irian Jaya Caramel Carpet Python,Morelia spilota variegata,$149.99,10
Amphibians,Super Green Auratus Dart Frog,Dendrobates auratus,$39.99,10
Inverts,Giant South African Flat Rock Scorpion,Hadogenes troglodytes,$24.99,10
Inverts,African Bark Scorpion,Hottentotta sp.,$24.99,10
Geckos,Baby Tibetan Frog Eye Gecko,Teratoscincus roborowskii,$24.99,10
Turtles,Three Stripe Mud Turtle,Kinosternon baurii,$59.99,10
Inverts,Ornate Tiger Tarantula,Poecilotheria ornata,$39.99,10
Lizards,Ambanja Panther Chameleon,Furcifer pardalis,$299.99,10
Amphibians,Adult Brown Suriname Horned Frog,Ceratophrys cornuta,$49.99,10
Inverts,Brown Tree Tarantula,tapinauchenius sp.,$24.99,10
Snakes,Tiger Rat Snake,Spilotes pullatus,$224.99,10
Snakes,Baby Albino Nelson’s Milksnake,Lampropeltis triangulum nelsoni,$74.99,9
Snakes,Baby Jayapura Green Tree Python,Morelia viridis,$399.99,9
Inverts,Tailless Whip Scorpion,Damon variegatus,$19.99,9
Amphibians,Crested Toad,Rhinella margaritifera,$24.99,9
Amphibians,High Red Dragon Wing Ornate Pacman Frog,Ceratophrys cranwelli,$49.99,9
Inverts,Stout Leg Baboon Tarantula,Eurcratoscelus pachypus,$14.99,9
Lizards,Solomon Island Black Tree Skink,,$39.99,9
Inverts,Giant Thorny Phasmid,Eurycantha calcarata,$24.99,9
Amphibians,Marbled Salamander,,$19.99,9
Lizards,9 to 11 inch Translucent Veiled Chameleon,,$84.99,10
Turtles,Baby Common Snapping Turtles,,$9.99,10
Inverts,Dark Earth Tiger Tarantula,chilobrachys huahini,$34.99,10
Snakes,Baby Black-Necked Gartersnake,Thamnophis cyrtopsis,$39.99,10
Lizards,Adult Spiny Tailed Iguana,Ctenasaura similis,$49.99,10
Snakes,Baby Coastal Carpet Python,Morelia spilota mcdowelli,$99.99,10
Snakes,Meruke Amethystine Python,Morelia amethystina,$299.99,10
Inverts,Budwing Mantis,Parasphendale Budwing,$34.99,10
Turtles,Ornate Wood Turtle,Rhinoclemmys pulcherimma manni,$39.99,10
Snakes,Baby Lavendar Flame Brooks Kingsnake,Lampropeltis getula brooksi,$124.99,10
Inverts,Thai Giant Walking Stick Insect,Pharnacia sp.,$24.99,10
Turtles,Baby Mississippi Mud Turtle,Kinosternon subrubrum hippocrepis,$29.99,10
Turtles,Baby Pastel Florida Softshell Turtle,Apalone ferox,$49.99,10
Lizards,Yellow Throated Plated Lizard,Gerrhosaurus flavigularis,$19.99,10
Inverts,Tunisian Fat Tail Scorpion,Androctonus australis,$39.99,10
Tegus,Baby Caiman Lizard,Dracaena guianensis,$499.99,10
Amphibians,Melanoid Axolotl,Ambystoma mexicanum,$24.99,10
Snakes,Eastern Blue Garter Snake,Thamnophis sirtalis similis,$49.99,10
Lizards,Roundtail Horned Lizard,,$249.99,9
Geckos,Baby Aptor Leopard Gecko,Eublepharis macularius,$39.99,9
Snakes,Baby Mexican Milksnake,Lampropeltis triangulum annulata,$49.99,9
Snakes,Baby Dice Water Snake,Natrix tessellata,$24.99,9
Amphibians,Colorado River Toad,Incilius alvarius,$39.99,9
Snakes,Baby Cyclops Mountain Green Tree Python,Morelia viridis,$449.99,9
Venomous,Papuan Black Snake,,$799.99,9
Inverts,Mexican Red Leg Tarantula,Brachypelma emilia,$149.99,9
Lizards,Baby Inferno Bearded Dragon,Pogona vitticeps,$74.99,9
Lizards,Graceful Chameleon,Chamaeleo Gracilis,$14.99,10
Snakes,Queen Snake,,$34.99,10
Amphibians,Phyllobates aurotaenia,Phyllobates aurotaenia,$24.99,10
Amphibians,Cave Salamander,Eurycea lucifuga,$39.99,10
Lizards,Crested Dragon,,$29.99,10
Lizards,Monkey Tailed Skink,,$849.99,10
Snakes,Baby Caramel Motley Cornsnake,Pantherophis guttatus,$59.99,10
Snakes,Baby Pied Ball Python,,$349.99,10
Snakes,Baby Scaleless Everglades Ratsnake,Elaphe obsoleta rossalleni,$149.99,10
Inverts,South American Bark Scorpion,Tityus Paramensis,$64.99,10
Turtles,Baby Southern Painted Turtle,Chrysemys picta dorsalis,$29.99,10
Lizards,Pygmy Mulga Monitor,Varanus gilleni,$349.99,10
Snakes,Baby Brazilian Rainbow Boa,Epicrates cenchria,$199.99,10
Lizards,Senegal Chameleon,Chamaeleo senegalensis,$29.99,10
Lizards,Guyana Collard Lizard,Tropidurus hispidus,$14.99,10
Snakes,Baby Albino Sinaloan Milksnake,Lampropeltis triangulum,$74.99,8
Lizards,Zebra Tailed Lizards,,$14.99,8
Amphibians,Super Blue Auratus Dart Frog,Dendrobates auratus,$39.99,8
Venomous,Baby Albino Het Scaleless Western Diamondback Rattlesnake,Crotalus atrox,$349.99,8
Inverts,Black Fat Tail Scorpion,,$34.99,8
Snakes,Baby Irian Jaya Zebra Carpet Python,Morelia spilota variegata x cheynei,$174.99,8
Lizards,South African Flat Rock Lizard,Platysaurus guttatus,$29.99,8
Snakes,Baby Black Blood Python,Python curtus,$149.99,8
Geckos,Yellow-Headed Dwarf Gecko,Gonatodes albogularis fuscus,$39.99,8
Lizards,Boehme’s Two-Horned Chameleon,,$74.99,8
Turtles,Baby Rio Grande Red Ear Slider Turtle,Trachemys scripta elegans,$19.99,10
Lizards,Uromastyx Princeps,,"$1,199.99",10
Inverts,Giant African Mantis,,$24.99,10
Lizards,Baby Grand Cayman Blue Iguana,,$399.99,10
Inverts,Goliath Birdeater Tarantula,Theraphosa stirmi,$59.99,10
Inverts,Red Spotted Assassin Bug,,$39.99,10
Inverts,Carolina Praying Mantis,Stagmomantis carolina,$14.99,10
Snakes,Jayapura Green Tree Python,Morelia viridis,$599.99,10
Lizards,6-8 Inch Red Leatherback Bearded Dragon,Pogona vitticeps,$59.99,10
Turtles,Baby Mexican Ornate Slider Turtle,Trachemys venusta venusta,$24.99,10
Lizards,Ornate Uromastyx,,$249.99,10
Lizards,6 To 8 Inch High White Translucent Veiled Chameleon,Chamaeleo calyptratus,$59.99,10
Inverts,Brazilian Red And White Tarantula,Lasiodora cristata,$34.99,10
Snakes,Baby Ghost Western Hognose Snake,Heterodon nasicus,$449.99,10
Lizards,Baby Northern Blue Tongue Skink,T. scincoides intermedia,$399.99,10
Snakes,Baby Peanut Butter Pink Pearl Snow Kingsnake,Lampropeltis getula floridana,$249.99,10
Geckos,Baby Blizzard Leopard Gecko,Eublepharis macularius,$39.99,10
Inverts,Borneo Purple Earth Tiger Tarantula,Cyriopagopus hati hati,$39.99,10
Venomous,Mexican Beaded Lizard,Heloderma horridum,$999.99,8
Lizards,Armadillo Lizard,Cordylus Tropidosternum,$19.99,8
Lizards,Baby Merauke Blue Tongue Skink,Tiliqua gigas,$149.99,8
Inverts,Malaysian Prickly Stick Insect,Heteropteryx dilatata,$24.99,8
Snakes,Baby Bredl Jaguar Carpet Python,Morelia spilota,$149.99,8
Lizards,Baby Argus Monitor,Varanus panoptes,$349.99,8
Venomous,Baby Cape Coral Cobra,Aspidelaps lubricus lubricus,$299.99,8
Snakes,Baby Blotched Kingsnake,Lampropeltis getula goini,$59.99,8
Lizards,Great AngleHead Lizard,Gonocephalus grandis,$49.99,8
Amphibians,Chubby Frog,,$12.50,10
Lizards,Abronia Vasconcelosii,Abronia vasconcelosii,$499.99,10
Snakes,Baby Candino Ball Python,Python regius,$249.99,10
Snakes,Yearling San Marcos Island Rosy Boa,Lichanura trivirgata trivirgata,$124.99,10
Lizards,Timor Monitor,Varanus timorensis,$149.99,10
Lizards,Baby Panda Dragons,,$449.99,10
Inverts,Venezuelan Redstripe Pink Toe Tarantula,Avicularia minatrix,$54.99,10
Tortoises,Baby Indian Star Tortoise,,$349.99,10
Amphibians,C.B. Baby Australian Dumpy Tree Frog,Litoria caerulea,$19.99,10
Geckos,Crocodile Gecko,Tarentola mauritanica,$19.99,10
Geckos,Fringe Fingered Gecko,Ptyodactylus guttatus(ragazzii),$14.99,10
Lizards,Desert Agama,Trapelus mutabilis,$59.99,10
Inverts,Colombian Giant Copperhead Tarantula,Pamphobeteus fortis,$149.99,10
Amphibians,Blotched Tiger Salamander,Ambystoma tigrinum melanostictum,$24.99,10
Amphibians,Blue Sipaliwini Tinctorius Dart Frog,Dendrobates tinctorius,$39.99,10
Snakes,Baby Caramel Snow Western Hognose Snake,,$699.99,10
Turtles,Caramel Pink Albino Red Ear Slider Turtle,,"$1,199.99",10
Amphibians,Nicaragua Strawberry Pumilio Dart Frog,Dendrobates pumilio,$34.99,8
Geckos,Baby Sarasinorum Gecko,Correlophus sarasinorum,$149.99,8
Amphibians,Bronze Mantella,Mantella betsileo,$29.99,8
Geckos,Baby Crimson Giant Day Gecko,Phelsuma grandis,$39.99,8
Inverts,Chilean Emerald Tarantula,Paraphysa sp,$29.99,8
Inverts,Violin Mantis,Gongylus gongylodes,$34.99,8
Lizards,Major Plated Lizard,Gerrhosaurus Major,$49.99,8
Snakes,Baby Scaleless Head Banana Ball Python,Python regius,$799.99,8
Lizards,Baby Egyptian Uromastyx,"***BABIES DUE TO ARRIVE IN 2 TO 3 WEEKS, DEPOSITS ARE $100.00 WITH THE $199.99 BALANCE DUE UPON ARRIVAL***",$100.00,8
Geckos,Baby Enigma Leopard Gecko,Eublepharis macularius,$34.99,8
Inverts,Thailand Fawn Tarantula,Chilobrachys Huahini,$29.99,10
Lizards,Baby Yellow Quince (V. melinus) Monitor,Varanus melinus,$324.99,10
Tortoises,Baby Cherryhead Redfoot Tortoise,Chelonoidis carbonaria,$224.99,10
Lizards,Baby Blackthroat Monitor,Varanus albigularis ionidesi,$374.99,10
Lizards,Baby Starred Agama,Stellagama stellio,$49.99,10
Lizards,Baby Desert Horned Lizard,Phrynosoma platyrhinos,$24.99,10
Turtles,Madagascan Big Head Turtle,Erymnochelys madigascariensis,$399.99,10
Inverts,Giant Asian Green Mantis,Hierodula membranacea,$24.99,10
Inverts,Eastern Bark Centipede,Hemiscolopendra marginata,$19.99,10
Inverts,Brazilian Wooly Black Tarantula,,$64.99,10
Turtles,Baby Hypo Florida Softshell Turtle,Apalone ferox,$149.99,10
Snakes,River Road Grey Banded Kingsnake,Lampropeltis alterna,$149.99,10
Inverts,Pinktoe Tarantula,Avicularia avicularia,$9.99,10
Turtles,Baby Eastern Painted Turtle,,$29.99,8
Lizards,Emerald Tree Skink,Lamprolepis smaragdina,$49.99,8
Snakes,Baby Super Salmon Snow Cornsnake,,$84.99,8
Lizards,Curly Tail Lizard,,$9.99,8
Inverts,Purple Bloom Tarantula,Pamphobeteus machala,$54.99,8
Turtles,Twistneck Turtle,Platemys platycephala,$49.99,8
Snakes,Baby Yellow Ratsnake,Pantherophis obsoleta quadrivittata,$29.99,8
Geckos,Mossy Leaf Tailed Gecko,Uroplatus sikorae,$379.99,8
Inverts,Venezuelan Suntiger Tarantula,Psalmopoeus irminia,$39.99,10
Amphibians,Barking Tree Frog,Hyla gratoisa,$19.99,10
Amphibians,Strawberry Pineapple Pacman Frog,Ceratophrys cranwelli,$24.99,10
Venomous,Baby Mexican Beaded Lizard,Heloderma horridum,$599.99,10
Snakes,Baby Guyana Redtail Boa,,$174.99,10
Isopods,Porcellio Laevis “Orange” Isopods,Porcellio Laevis,$14.99,10
Lizards,Adult Baja Blue Rock Lizard,Petrosaurus thalassinus,$299.99,10
Turtles,Baby Asian Yellow Pond Turtle,,$149.99,10
Venomous,Yellow Flat Nose Bamboo Pit Viper,Trimeresurus puniceus,$599.99,10
Amphibians,Leucistic Spanish Ribbed Newts,Pleurodeles waltl,$29.99,10
Snakes,Baby Scaleless Head Butter Pastel Ball Python,Python regius,$399.99,10
Snakes,Baby Aberrant Albino California Kingsnake,Lampropeltis getula californiae,$149.99,10
Lizards,Baby Green Ameiva,Ameiva ameiva,$11.99,10
Inverts,Rose Hair Tarantula,Gramastola rosea,$19.99,10
Geckos,Marble Gecko,Christinus marmoratus,$9.99,10
Inverts,Salmon Pink Birdeater Tarantula,Lasiodora parahybana,$24.99,10
Lizards,Baby Cuban Knight Anole,Anolis equestris,$9.99,10
Inverts,Twin Spot African Mantis,Sphodromantis aurea,$24.99,10
Amphibians,Ruby Eye Tree Frog,Leptopeltis uluguruensis,$34.99,10
Lizards,African Blue Tail Skink,Trachylepis quinquetaeniata,$6.99,10
Venomous,Tanzanian Puff Adder,,$149.99,8
Lizards,Baby Irian Jaya X Northern Blue Tongue Skink,,$299.99,8
Snakes,Papuan Boa,Candoia carinata,$79.99,8
Snakes,Baby Apricot Pueblan Milksnake,Lampropeltis triangulum campbelli,$49.99,8
Snakes,Baby Superconda Western Hognose Snake,Heterodon nasicus,$199.99,8
Snakes,Baby Dome Rock Rosy Boa,Lichanura trivirgata arizonae,$89.99,7
Turtles,Baby Pastel Red Ear Slider Turtle,Trachemys scripta elegans,$149.99,10
Amphibians,Dwarf Pixie Frog,Pyxicephalus edulis,$19.99,10
Inverts,Cameroon Red Baboon Tarantula,Hysterocrates gigas,$29.99,10
Inverts,Metallic Pinktoe Tarantula,Avicularia metallica,$24.99,10
Amphibians,Fire Salamander,Salamandra salamandra,$24.99,10
Lizards,Baby Green Basilisk,Basiliscus plumifrons,$24.99,10
Inverts,Egyptian Yellow Fat Tail Scorpion,,$39.99,10
Inverts,Brazilian Black Tarantula,Grammostola pulchra,$99.99,9
Turtles,Baby Pastel Yellowbelly Slider Turtle,,$249.99,9
Inverts,Texas Brown Tarantula,,$29.99,9
Snakes,Baby Hypo Lavender Cornsnake,Pantherophis guttatus,$59.99,9
Tegus,Baby Albino Purple Tiger Tegu,,"$3,499.99",9
Snakes,Yearling Hypo Motley Costa Rican Boa,Boa constrictor x imperator,$399.99,9
Lizards,Baby Melanistic Green Ameiva,Ameiva ameiva,$899.99,9
Snakes,Yearling Borrego Springs Rosy Boa,,$124.99,9
Snakes,Baby Egyptian False Cobra,Malpolon moilensis,$249.99,7
Snakes,Matrix Blood Python,Python curtus,$174.99,7
Lizards,Jeweled Chameleon,Furcifer campani,$79.99,7
Tortoises,Adult Pancake Tortoise,Malacochersus tornieri,$799.99,7
Lizards,Painted Agama,Laudakia stellio brachydactyla,$99.99,7
Geckos,Steudner’s Pygmy Gecko,Tropiocolotes steudneri,$19.99,7
Lizards,Red And Black Chuckwalla,Sauromalus ater,$299.99,7
Turtles,Baby Pinkbelly Snapping Turtle,Elseya novaeguineae,$59.99,7
Lizards,Baby Abronia Mixteca (Mexican Alligator Lizard),Abronia mixteca,$99.99,7
Amphibians,Reed Frog,Hyperolius Sp.,$6.99,7
Turtles,Baby Oaxaca Mud Turtle,,$199.99,9
Snakes,Lesser Ball Python,,$74.99,9
Inverts,Desert Hairy Scorpion,Hadrurus arizonensis,$19.99,9
Turtles,Baby Albino Red Eared Slider Turtle,Trachemys scripta elegans,$249.99,9
Amphibians,Albino Axolotl,Ambystoma mexicanum,$24.99,9
Lizards,Baby Kordensis Green Tree Monitor,,"$1,199.99",9
Inverts,King Baboon Tarantula,Pelinobius muticus,$29.99,9
Lizards,Storr’s Monitor,,$499.99,9
Lizards,Brown Pricklenape,Acanthosaura lepidogaster,$14.99,9
Amphibians,Baby C.B. Bird Poop Tree Frog,Theloderma asperum,$29.99,9
Amphibians,Hourglass Frog,Dendropsophus ebraccatus,$24.99,9
Snakes,Baby Irian Jaya x Jungle Jaguar Carpet Python,Morelia spilota variegata,$199.99,9
Amphibians,Alanis Tinctorius Dart Frog,Dendrobates tinctorious,$39.99,9
Inverts,Togo Starburst Baboon Tarantula,Heteroscrodra maculata,$24.99,9
Snakes,Baby Anery Brooks Kingsnake,,$44.99,9
Amphibians,El Cope Auratus Dart Frog,Dendrobates auratus,$24.99,9
Geckos,Satanic Leaftail Gecko,Uroplatus phantasticas,$599.99,9
Lizards,Kordensis Green Tree Monitor,Varanus kordensis,$599.99,7
Amphibians,Asian Toad,Duttaphrynus melanostictus,$7.99,7
Inverts,African Long Tailed Centipede,Rhysida longipes,$9.99,7
Lizards,Leopard Lizard,Gambelia wislizenii,$19.99,7
Lizards,Baby Solomon Island Mangrove Monitor,Varanus indicus,$199.99,7
Amphibians,Green And Black Mantella,Mantella nigricans,$39.99,7
Amphibians,Guibé’s mantella,Mantella nigricans,$39.99,7
Snakes,Baby Strawberry Cornsnake,Pantherophis guttatus,$39.99,7
Venomous,Mangrove Snakes,Boiga dendrophila,$99.99,7
Inverts,Purple Starburst Birdeater Tarantula,,$69.99,7
Lizards,Saharan Red Uromastyx,Uromastyx geyri,$74.99,9
Inverts,Malaysian Vinegaroon,Hypoctonus rangunensis,$29.99,9
Venomous,Copperhead Snake,Agkistrodon contortrix,$99.99,9
Amphibians,Dumpy Tree Frog,Litoria caerulea,$24.99,9
Geckos,White Lined Gecko,Gekko vittatus,$19.99,9
Lizards,Mt Meru Chameleons,Trioceros jacksonii merumontanus,$79.99,9
Amphibians,Spiny Rain Frog,Scaphiophyrne pustulosa,$59.99,9
Lizards,Baby Albino Iguana,Iguana iguana,$849.99,9
Snakes,Egyptian False Cobra,Malpolon moilensis,$199.99,9
Inverts,Moon Crab,Gecarcinus quadratus,$11.99,9
Snakes,Yearling Super Sunset Boa,Boa constrictor x imperator,$399.99,9
Inverts,Dictator Emperor Scorpion,Pandinus dictator,$29.99,9
Inverts,Himalayan Earth Tiger Tarantula,Haplocosmia himalayana,$59.99,9
Snakes,Baby Merauke Green Tree Python,Morelia vridis,$399.99,9
Snakes,Baby Ghost Brooks Kingsnake,Lampropeltis getula floridana,$99.99,9
Amphibians,Albino Pacman Frog,Ceratophrys cranwelli,$14.99,9
Lizards,Flapneck Chameleon,Chamaeleo dilepis,$34.99,9
Snakes,Baby Axanthic Florida Kingsnake,Lampropeltis getula floridana,$59.99,7
Amphibians,Green Tree Frog,Hyla cinerea,$3.99,7
Amphibians,New Mexico Spadefoot Toad,Spea multiplicata,$6.99,7
Geckos,Cameroon Dwarf Gecko,Lygodactylus conraui,$14.99,7
Inverts,Asian Forest Scorpion,,$19.99,7
Tegus,Baby Argentine Black and White Tegu,TUPINAMBIS MERIANAE,$199.99,7
Snakes,Baby Tiger Coastal Carpet Python,Morelia spilota mcdowelli,$149.99,7
Snakes,Baby Albino Florida Kingsnake,,$59.99,7
Amphibians,Marbled Hopper Frogs,Scaphiophryne marmorata,$39.99,7
Inverts,Warrior Beetle,Pasimachus californicus,$19.99,9
Lizards,Abronia Smithi,Abronia Smithi,$499.99,9
Venomous,Baby Angolan Coral Cobra,Aspidelaps lubricus cowlesi,$199.99,9
Lizards,6-8 Inch Hypo Bearded Dragon,Pogona vitticeps,$54.99,9
Snakes,Baby Albino Anaconda Western Hognose Snake,Heterodon nasicus,$224.99,9
Lizards,Baby Dumerils Monitor,Varanus Dumerilii,$349.99,9
Amphibians,Mozambique Rain Frog,Breviceps mossambicus,$39.99,9
Lizards,6 to 8 inch Veiled Chameleon,Chamaeleo calyptratus,$54.99,9
Amphibians,Southern Toad,Anaxyrus terrestris,$4.99,9
Inverts,Unicorn Mantis,,$59.99,9
Geckos,Baby Flying Gecko,Ptychozoon kuhli,$24.99,9
Lizards,Baby Ornate Nile Monitor,Varanus ornatus,$34.99,9
Snakes,Goldenchild Reticulated Python,,$399.99,9
Inverts,Ivory Millipede,Chicobolus spinigerus,$6.99,9
Amphibians,Big Eye Tree Frog,Leptopelis vermiculatus,$11.99,9
Lizards,Carpet Chameleon,,$74.99,9
Turtles,Yearling Southern Black Knob Map Turtles,Graptemys nigrinoda delticola,$199.99,7
Turtles,Baby Northern Redbelly Slider Turtle,Pseudemys rubriventris,$39.99,7
Snakes,Baby Blue Garter Snake,,$14.99,6
Lizards,Baby Rhino Iguana,Cyclura cornuta,$499.99,6
Snakes,Baby Sorong Green Tree Python,,$449.99,6
Geckos,Baby Tangerine Leopard Gecko,Eublepharis macularius,$24.99,6
Lizards,6 – 8 Inch Translucent Veiled Chameleon,Chamaeleo calyptratus,$59.99,6
Lizards,Baby American Alligator,Alligator mississippiensis,$149.99,6
Isopods,Agabiformus Lentus Isopod,Agabiformus Lentus,$9.99,6
Lizards,Baby Smooth-Fronted Caiman,Paleosuchus trigonatus,$199.99,6
Inverts,Peruvian Giant Centipede,Scolopendra galapagoensis,$299.99,9
Amphibians,Green Sipaliwini Dart Frog,Dendrobates tinctorius,$39.99,9
Snakes,Crowned Leaf Nose Snake,Lytorhynchus diadema,$49.99,9
Inverts,Giant Forest Mantis,Hierodula majuscula,$14.99,9
Snakes,Adult Biak Green Tree Python,Morelia viridis,$499.99,9
Snakes,Baby Licorice Rat Snake,Elaphe obsoleta obsoleta,$44.99,9
Lizards,Baby Painted Agama,Laudakia stellio brachydactyla,$69.99,9
Lizards,Tamatave Panther Chameleon,Furcifer pardalis,$349.99,9
Snakes,Adult Albino Corn Snake,Pantherophis guttatus,$74.99,9
Snakes,Baby Snow Motley Cornsnake,Pantherophis guttatus,$69.99,9
Tegus,Albino Ultra Purple Tegu #2,SALVATOR MERIANAE X RUFESCENS,"$2,499.99",9
Turtles,Baby Yellow Mud Turtle,Kinosternon flavescens,$79.99,9
Inverts,Mexican Red Leg Tarantula,Brachypelma emilia,$84.99,9
Snakes,Baby Sunglow Colombian Redtail Boa,Boa constrictor imperator,$374.99,9
Lizards,Haitain Galliwasp,,$149.99,9
Geckos,Malaysian Cat Eye Gecko,Aeluroscalabotes felinus,$74.99,9
Snakes,Baby Northern Pine Snake,Pituophis melanoleucus,$64.99,9
Snakes,Baby Desert Kingsnake,Lampropeltis getula splendida,$59.99,6
Tortoises,Home’s Hingeback Tortoise,Kinixys homeana,$59.99,6
Lizards,Solomon Island Ground Skink,Eugongylus albofasciolatus,$124.99,6
Snakes,Baby Everglades Ratsnake,Elaphe obsoleta rossalleni,$99.99,6
Inverts,Vietnamese Centipede,Scolopendra dehaani,$19.99,6
Lizards,Madagascan Spiny Tail Iguana (Grandidieri),Oplurus grandidieri,$39.99,6
Lizards,Desert Collared Lizard,Crotaphytus bicinctores,$24.99,6
Snakes,Baby Coastal Jaguar Carpet Python,Morelia spilota mcdowelli,$149.99,6
Inverts,Emerald Skeleton Tarantula,Ephebopus uatuman,$34.99,6
Lizards,Mountain Horned Lizard,Acanthosaura capra,$14.99,9
Geckos,Baby Leucistic Albino Leopard Gecko,Eublepharis macularius,$44.99,9
Lizards,Lined Skink,Plestiodon fasciatus,$9.99,9
Turtles,Adult Eastern Mud Turtle,,$29.99,9
Amphibians,Firebelly Toad,Bombina orientalis,$14.99,9
Lizards,Baby Desert Collared Lizard,,$24.99,9
Snakes,Baby Irian Jaya x Coastal Carpet Python,,$74.99,9
Lizards,Baby Kei Island Blue Tongue Skink,Tiliqua gigas keyensis,$349.99,9
Snakes,Baby Checkered Garter Snake,Thamnophis marcianus,,9
Lizards,3-4 Foot Green Iguana,Iguana iguana,$29.99,9
Amphibians,Albino Red Eyed Tree Frog,Agalychnis callidryas,$59.99,9
Snakes,Baby Arabesque Redtail Boa,,$224.99,5
Geckos,Central American Banded Gecko,Coleonyx mitratus,$24.99,5
Tortoises,Hermann’s Tortoise,Testudo hermanni,$149.99,5
Lizards,Emperor Flat Rock Lizard,Platysaurus imperator,$74.99,5
Amphibians,Starfire Pacman Frog,,$34.99,5
Inverts,Indian Ornamental Tarantula,Poecilotheria regalis,$59.99,5
Inverts,Dead Leaf Mantis,Deroplatys desiccata,$29.99,5
Lizards,Tanimbar Blue Tongue Skink,T. scincoides chimaerea,$249.99,5
Inverts,Emperor Scorpion,Pandinus imperator,$34.99,5
Lizards,Baby Cayman Brac Iguana,Cyclura nubila caymanensis,$749.99,5
Geckos,Madagascar Crimson Giant Day Gecko,,$39.99,9
Turtles,Narrow-Bridged Mexican Musk Turtle,Claudius angustatus,$199.99,9
Lizards,5-6 Foot Green Iguanas,Iguana iguana,$199.99,9
Snakes,Baby Hypo Western Hognose Snake,Heterodon nasicus,$249.99,9
Snakes,Baby Bay Of LA Rosy Boas,Lichanura trivirgata saslowi,$99.99,9
Turtles,Baby Southern River Cooter Turtle,Pseudemys Concinna Concinna,$6.99,9
Tegus,Baby Albino Lemon Ice Tegu,TUPINAMBIS MERIANAE X TUPINAMBIS RUFESCENS,"$2,499.99",9
Inverts,Feather Tail Centipede,Alipes grandidieri,$14.99,9
Inverts,Egyptian Pygmy Mantis,Miomantis paykullii,$29.99,9
Snakes,Vietnamese Vine Snake,Ahaetulla nasuta,$39.99,9
Snakes,Baby Tiger Jaguar Coastal Carpet Python,Morelia spilota mcdowelli,$199.99,9
Snakes,Baby Pastel Butter Ball Python,,$109.99,9
Geckos,Adult Tiger Crested Gecko,Correlophus ciliatus,$59.99,9
Snakes,Asian Vine Snakes,Ahaetulla nasuta,$24.99,5
Snakes,Baby Buf Amelanistic Cornsnake,Pantherophis guttatus,$99.99,5
Lizards,Adult Caiman Lizard,Dracaena guianensis,$749.99,5
Lizards,Medium Mountain Horned Lizard,,$16.99,5
Snakes,Adult Anery Stripe Kenyan Sand Boa,Eryx colubrinus,$174.99,5
Tortoises,Russian Tortoise,Testudo horsfieldii,$49.99,4
Venomous,Sterjeni’s Bamboo Pit Viper,Trimeresurus stejnegeri,$399.99,4
Snakes,Baby Flame Brooks Kingsnake,Lampropeltis getula brooksi,$49.99,4
Inverts,Brazilian Pink Bloom Tarantula,,$79.99,4
Lizards,Yellow Tree Monitor,Varanus Reisingeri,"$4,999.99",9
Lizards,Wedge-Snouted Skink,Chalcides sepsoides,$24.99,9
Lizards,Baby Dwarf Caiman,Paleosuchus palpebrosus,$299.99,9
Snakes,Baby Granite Spotted Python,Antaresia maculosa,$89.99,9
Lizards,Rudis Chameleon,Trioceros rudis,$39.99,9
Turtles,Baby Razorback Musk Turtle,,$34.99,9
Inverts,Dune Scorpion,Smeringurus mesaensis,$9.99,9
Snakes,Checkered Garter Snake,Thamnophis marcianus,$24.99,9
Inverts,Pumpkin Patch Tarantula,,$39.99,9
Snakes,Baby Black Racer Snake,Coluber constrictor,$9.99,9
Amphibians,Fleischmann’s Glass Frog,,$29.99,9
Turtles,Baby Two Headed Snapping Turtle,,"$3,999.99",9
Lizards,Brookesia Therezieni,Brookesia therezieni,$74.99,9
Lizards,Calotes Versicolor,,$11.99,9
Amphibians,African Common Toad,Amietophrynus gutturalis,$4.99,4
Lizards,Baby Morroccan Uromastyx,Uromastyx acanthinurus,$124.99,4
Lizards,Baby Giant Mexican Horn Lizard,Phrynosoma asio,$149.99,4
Lizards,Baby Abronia Taeniata,,$149.99,4
Lizards,Fire Skink,Lepidothyris fernandi,$24.99,4
Lizards,6-8 Inch Citrus Bearded Dragon,Pogona vitticeps,$49.99,4
Lizards,Sakishima Grass Lizard,Takydromus dorsalis,$224.99,4
Snakes,Baby Dumeril’s Boa,Acrantophis dumerili,$224.99,4
Turtles,Baby Eastern Mud Turtle,Kinosternon subrubrum hippocrepis,$34.99,4
Snakes,2-3 Foot Gopher Snake,Pituophis catenifer sayi,$64.99,4
Snakes,Baby Cornsnake,Pantherophis guttatus,$39.99,9
Inverts,Skeleton Leg Tarantula,,$34.99,9
Lizards,Adult Cuban Knight Anole,Anolis equestris,$9.99,9
Snakes,Baby Scaleless Head Banana Pastel Ball Python,Python regius,$499.99,9
Amphibians,Cuban Tree Frog,Osteopilus septentrionalis,$4.99,9
Turtles,Yearling Pearl River Map Turtle,“Pascagoula Map Turtle”,$124.99,9
Snakes,Baby Barons Racers,Philodryas baroni,$149.99,9
Snakes,Baby Albino Rosy Boas,Lichanura trivirgata,$149.99,9
Snakes,Baby Argentine Boa Constrictor,Boa constrictor occidentalis,$174.99,9
Amphibians,Yellowback Tinctorius Dart Frog,Dendrobates tinctorius,$39.99,9
Amphibians,Marine Toad,Bufo marinus,$4.99,9
Lizards,Baby Tanimbar Blue Tongue Skink,T. scincoides chimaerea,$249.99,9
Amphibians,Squirrel Tree Frog,Hyla squirella,$2.99,9
Amphibians,Couch’s Spadefoot Toad,,$9.99,9
Amphibians,Bird Poop Tree Frog,Hyla marmorata,$24.99,9
Geckos,Baby Tokay Gecko,,$20.00,9
Snakes,Orange Banded Amazon Tree Boa,Corallus hortulanus,$199.99,4
Amphibians,Large Tomato Frog,Dyscophus guineti,$29.99,4
Venomous,Red Flat Nose Bamboo Pit Viper,Trimeresurus puniceus,$499.99,4
Lizards,Juvenile Frilled Dragon,Chlamydosaurus kingii,$199.99,4
Snakes,Baby Water Snake,Nerodia taxispilota,$19.99,4
Tegus,Baby Ice Tegu,Tupinambis Merianae X Tupinambis rufescens,$349.99,4
Amphibians,Great Plains Toad,Anaxyrus cognatus,$6.99,4
Isopods,“Peach” Nosy Roly-Poly Isopods,Armadillidium nasatum,$9.99,4
Geckos,Short Fingered Gecko,Stenodactylus sthenodactylus,$24.99,4
Amphibians,Powder Grey Tinctorius Dart Frog,Dendrobates tinctorius,$34.99,9
Turtles,Baby Vietnamese Pond Turtle,Mauremys annamensis,$74.99,9
Amphibians,Clown Tree Frog,Hyla leucophyllata,$29.99,9
Amphibians,Baby Tomato Frog,Dyscophus guineti,$34.99,9
Lizards,Butterfly Agama,,$24.99,9
Lizards,Oaxacana Spiny tail iguana,Ctenosaura Oaxacana,$499.99,9
Isopods,Dwarf White Isopods,Trichorhina tomentosa,$12.49,9
Inverts,Mexican Fireleg Tarantula,Brachypelma boehmei,$89.99,9
Lizards,Zonosaurus quadrileneatus,Zonosaurus quadrileneatus,$14.99,9
Snakes,Yearling Albino Kenyan Sand Boa,Eryx colubrinus,$149.99,9
Turtles,Yearling Northern Black Knob Map Turtles,Graptemys nigrinoda,$124.99,9
Lizards,Mali Uromastyx,Uromastyx “dispar” maliensis,$74.99,9
Tortoises,Baby Ivory Sulcata Tortoise,Centrochelys sulcata,$549.99,9
Snakes,Baby Rusty Licorice Rat Snake,Elaphe obsoleta obsoleta,$49.99,9
Snakes,Baby Albino Darwin’s Carpet Python,,$299.99,9
Snakes,Baby Irian Jaya Granite Carpet Python,Morelia spilota variegata,$249.99,9
Lizards,Baby Eastern Collared Lizard,Crotaphytus collaris,$29.99,4
Snakes,Saharan Sand Boa,Eryx colubrinus,$64.99,4
Snakes,Baby Irian Jaya Carpet Python,Morelia spilota variegata,$99.99,4
Snakes,Orange Patternless Amazon Tree Boa,Corallus hortulanus,$199.99,4
Inverts,Tucson Blonde Tarantula,,$39.99,4
Venomous,Baby Flat Nose Bamboo Pit Viper,Trimeresurus puniceus,$124.99,4
Snakes,Baby Merauke X Aru X Biak Green Tree Python,Morelia vridis,$449.99,4
Turtles,Baby Pastel Hypo Mississippi Map Turtle,Graptemys pseudogeographica kohni,$499.99,4
Geckos,Lined Day Gecko,,$39.99,4
Snakes,Awl Headed Snake,Lytorhynchus diadema,$99.99,3
Snakes,Baby Magenta Florida Kingsnake,Lampropeltis getula floridana,$299.99,9
Snakes,Baby Irian Jaya Jaguar Carpet Python,Morelia spilota variegata,$199.99,9
Snakes,Baby Coral Ghost Cornsnake,Pantherophis guttatus,$49.99,9
Lizards,Baby Green Iguana,Iguana iguana,$14.99,9
Snakes,Baby Normal Corn Snake,Pantherophis guttatus,$24.99,9
Snakes,Baby Hypo Sinaloan Milksnake,Lampropeltis triangulum,$74.99,9
Snakes,Baby Tangerine Honduran Milksnake,Lampropeltis triangulum hondurensis,$99.99,9
Lizards,Brookesia brygooi,,$84.99,9
Amphibians,Long Tail Salamander,Eurycea longicauda,$29.99,9
Turtles,Spotted Turtle,Clemmys guttata,$249.99,9
Snakes,Baby San Matias Rosy Boa,,$89.99,9
Snakes,Baby Jungle Carpet Python,,$174.99,9
Lizards,Desert Iguana,Dipsosaurus dorsalis,$34.99,9
Amphibians,Brown Fantasy Pacman Frog,C. cornuta X C. cranwelli,$34.99,9
Geckos,House Gecko,Hemidactylus frenatus,$2.99,3
Turtles,Baby Reeves Turtle,,$59.99,3
Snakes,Baby Coral Ghost Stripe Cornsnake,Pantherophis guttatus,$149.99,3
Venomous,Congo Puff Adder,,$499.99,3
Amphibians,Spotted Salamander,,$19.99,3
Venomous,Collett’s Snake,,"$1,199.99",3
Snakes,Baby Rusty Rat Snake,Pantherophis obsoletus,$34.99,3
Snakes,Baby T Negative Albino Blood Python,Python brongersMay,$249.99,3
Venomous,Baby King Cobra,Ophiophagus hannah,$599.99,3
Snakes,Baby Caramel Tiger Jaguar Carpet Python,Morelia spilota mcdowelli,$274.99,3
Inverts,Shield Mantis,Rhombodera basalis,$19.99,9
Geckos,Baby Carrot Top Pinstripe Crested Gecko,Correlophus ciliatus,$174.99,9
Geckos,Tokay Gecko,Gekko gecko,$14.99,9
Amphibians,Highland Bronze Auratus Dart Frog,Dendrobates auratus,$34.99,9
Amphibians,Baby Dwarf Budgett’s Frog,,$49.99,9
Inverts,Horrid King Assassin Bug,,$24.99,9
Snakes,Red Beak Snake,Rhamphiophis rubropunctatus,$74.99,9
Tortoises,Baby Hypo Sulcata Tortoise,Centrochelys sulcata,$999.99,9
Lizards,Sand Fish,Scincus scincus,$29.99,9
Turtles,Indian Brown Roofed Turtle,,$449.99,9
Snakes,Blond Hognose Snake,,$149.99,9
Inverts,California Scorpion,Paruroctonus silvestrii,$14.99,9
Snakes,Banded Water Snake,Nerodia fasciata,$14.99,9
Snakes,Baby Cotton Candy Ghost Cornsnake,,$99.99,9
Lizards,6-8 Inch Nosy Be Panther Chameleon,,$199.99,9
Snakes,Baby Purple Line Anaconda Western Hognose Snake,Heterodon nasicus,$149.99,9
Snakes,Baby Biak Green Tree Python,Morelia viridis,$299.99,4
Snakes,Baby Hypo Cornsnake,,$49.99,4
Lizards,Baby Translucent Silky (Scaleless) Bearded Dragon,Pogona vitticeps,$149.99,4
Tegus,Baby Blue Tegu,Tupinambis Merianae,$399.99,4
Inverts,Solomon Island Giant Red Centipede,Ethmostigmus rubripes,$399.99,4
Snakes,Baby Okeetee Cornsnake,Elaphe guttata guttata,$39.99,4
Turtles,Baby Southern Black Knob Map Turtles,Graptemys nigrinoda delticola,$149.99,4
Lizards,Sailfin Dragon,,$109.99,4
Snakes,Baby Hypo Motley Cornsnake,Pantherophis guttatus,$59.99,4
Amphibians,Mossy Tree Frog,,$79.99,4
Snakes,Baby Prairie Kingsnake,Lampropeltis calligaster calligaster,$49.99,9
Geckos,Baby Leucistic Leopard Gecko,,$34.99,9
Turtles,European Pond Turtle,Emys orbicularis,$64.99,9
Lizards,Adult Male Translucent Veiled Chameleon,Chamaeleo calyptratus,$99.99,9
Geckos,Tiger Gecko,Pachydactylus tigrinus,$29.99,9
Snakes,Baby Mexican Black Kingsnake,Lampropeltis getula nigrita,$199.99,9
Snakes,Baby Colombian x Bolivian Redtail Boa,Boa constrictor imperator x amarali,$99.99,9
Snakes,Baby Strawberry Amelanistic Cornsnake,,$49.99,9
Geckos,Panther Gecko,Paroedura pictus,$19.99,9
Geckos,Baby Orange And Yellow Super Stripe Gargoyle Gecko,Rhacodactylus auriculatus,$299.99,9
Snakes,Baby Ball Python,Python regius,$39.99,9
Snakes,Tanzanian Egg Eating Snake,Dasypeltis scabra,$34.99,4
Snakes,Baby Anery Cornsnake,Pantherophis guttatus,$49.99,1
Inverts,Bengal Four Spotted Ornamental Tarantula,Poecilotheria miranda,$59.99,1
Amphibians,Green Pacman Frog,Ceratophrys cranwelli,$14.99,1
Tortoises,Baby Redfoot Tortoise,Chelonoidis carbonaria,$124.99,1
Snakes,Brazilian Rainbow Boa,Epicrates cenchria,$224.99,1
Inverts,Vinegaroon,Mastigoproctus giganteus giganteus,$29.99,1
Amphibians,Giraffe Tree Frog,Dendropsophus reticulatus,$49.99,1
Inverts,Colombian Purple Pinktoe Tarantula,Avicularia purple,$49.99,1
Snakes,Baby Eastern Hognose Snake,Heterodon platirhinos,$124.99,1
Geckos,Saklava Velvet Gecko,Blaesodactylus sakalava,$24.99,9
Geckos,Mourning Gecko,Lepidodactylus lugubris,$24.99,9
Snakes,Baby Albino Paradox Kenyan Sand Boa,Eryx colubrinus,$149.99,9
Turtles,Senegal Flapshell Turtle,Cyclanorbis senegalensis,$199.99,9
Geckos,Wahlberg’s Velvet Gecko,,$59.99,9
Lizards,Rainbow Whiptail,Cnemidophorus lemniscatus,$24.99,9
Snakes,Baby Pearl Island Boa Constrictor,Boa constrictor sabogae,$399.99,9
Snakes,Baby Snow Cornsnake,Pantherophis guttatus,$69.99,9
Lizards,Baby Hypo Translucent Bearded Dragon,Pogona vitticeps,$74.99,9
Lizards,Adult Chinese Water Dragon,Physignathus cocincinus,$29.99,9
Turtles,West African Helmetted Turtle,,$29.99,1
Geckos,Baby Orange Harlequin Crested Gecko,Correlophus ciliatus,$174.99,1
Turtles,Western Painted Turtle,Chrysemys picta,$19.99,1
Snakes,Baby Snow Kenyan Sand Boa,Eryx colubrinus,$174.99,1
Geckos,Halmahera Gecko,Gehyra marginata,$59.99,1
Snakes,Baby Butter Cornsnake,Pantherophis guttatus,$49.99,1
Snakes,Wolf Snake,Lycodon capucinus,$149.99,1
Snakes,Baby Anery Kenyan Sand Boa,Eryx colubrinus,$69.99,1
Snakes,Speckled Hognose Snake,Leioheterodon geayi,$174.99,9
Inverts,Mexican Redknee Tarantula,Brachypelma smithi,$69.99,9
Inverts,Brazilian Blue Green Pinktoe Tarantula,Avicularia geroldi,$89.99,9
Inverts,Chilean Tiger Rump Spider,Acanthogonatus francki,$29.99,9
Geckos,Brooks House Gecko,Hemidactylus brookii,$4.99,9
Snakes,Mangrove Salt Marsh Snake Het Anery,,$149.99,9
Turtles,Scorpion Mud Turtle,Kinosternon scorpioides,$74.99,9
Snakes,Baby Super Pastel HRA Yellowbelly Ball Python,,$399.99,9
Lizards,Starred Agama,Stellagama stellio,$69.99,9
Venomous,Baby Monocled Cobra Double Het Albino Suphan,Naja kaouthia,$249.99,9
Amphibians,Leucistic Axolotl,Ambystoma mexicanum,$24.99,9
Snakes,Baby Scaleless Head Pastel Ball Python,Python regius,$299.99,9
Lizards,2-3 Foot Green Iguana,Iguana iguana,$24.99,9
Amphibians,High Red Ornate Pacman Frog,,$39.99,9
Venomous,Baby Nimibian Coral Cobra,,$299.99,0
Amphibians,Purple Harlequin Toad,,$59.99,0
Tegus,Baby Bruiser Tegu,Tupinambis Merianae,$299.99,0
Snakes,Northern Garter Snake,Thamnophis sirtalis,$19.99,0
Tegus,Baby Chacoan White Headed Tegu,TUPINAMBIS MERIANAE,$179.99,0
Snakes,Baby Bull Snake,Pituophis catenifer sayi,$59.99,0
Amphibians,Splash Back Dart Frog,Adelphobates galactonotus,$69.99,0
Snakes,Solomon Island Tree Boa,Candoia bibroni,$149.99,0
Lizards,Peter’s Banded Skink,,$49.99,9
Amphibians,C.B. Baby Red Eye Tree Frogs,Agalychnis callidryas,$19.99,9
Snakes,Indonesian Tree Boa,Candoia carinata carinata,$59.99,9
Inverts,Bahia Scarlet Birdeater Tarantula,Lasiodora klugi,$24.99,9
Snakes,Patterned Red Amazon Tree Boa,Corallus hortulanus,$199.99,9
Turtles,Baby Cumberland Slider Turtle,Trachemys scripta troostii,$9.99,9
Lizards,Baby Fire Skink,Lepidothyris fernandi,$39.99,9
Geckos,Baby Chinese Cave Geckos,Goniurosaurus luii,$64.99,9
Snakes,Mexican Redtail Indigo,Drymarchon melanurus rubidus,"$1,999.99",9
Lizards,Green Tree Monitor,,"$1,249.99",9
Geckos,Albino Leopard Gecko,Eublepharis macularius,$49.99,9
Snakes,Baby San Isabel Solomon Island Ground Boa,Candoia carinata paulsoni,$44.99,9
Lizards,Juvenile Abronia Mixteca,Abronia mixteca,$199.99,9
Snakes,Baby Albino Brooks Kingsnake,Lampropeltis getula brooksi,$69.99,9
Lizards,Long Tailed Grass Lizard,Takydromus sexlineatus,$7.49,9
Snakes,Baby Thailand Bamboo Ratsnake,Oreocryptophis porphyraceus coxi,$249.99,0
Snakes,Yearling San Felipe Rosy Boa,,$99.99,9
Tortoises,Speke’s Hingeback Tortoise,,$74.99,9
Lizards,Black And White Chuckwalla,Sauromalus ater,$199.99,9
Geckos,Giant Leaf Tail Gecko,Uroplatus fimbriatus,$299.99,9
Snakes,Baby Albino Motley Cornsnake,Pantherophis guttatus,$39.99,9
Lizards,Nosy Be Panther Chameleon,,$249.99,9
Inverts,Wessel’s Tiger Ornamental Tarantula,Poecilotheria tigrinawesseli,$59.99,9
Snakes,Paradise Tree Snake,Chrysopelea paradisi,$249.99,9
Amphibians,Baby Golden Mantella,,$79.99,9
Snakes,Baby Twin Stripe Aberrant California Kingsnake,Lampropeltis getula californiae,$149.99,9
Amphibians,4 Spot Patternless Pacman Frog,,$24.99,9
Amphibians,Yellow Harlequin Toad,Atelopus pulcher,$64.99,9
Snakes,Baby Spotted Python,Antaresia maculosa,$49.99,9
Inverts,South American Green Praying Mantis,Oxyopsis gracilis,$29.99,9
Snakes,Black House Snake,,$64.99,9
Inverts,Double Shield Mantis,Pnigomantis medioconstricta,$49.99,9
Amphibians,Mountain Chicken Frog,Leptodactylus fallax,$44.99,9
Snakes,Baby Savu Python,Liasis mackloti savuensis,$124.99,9
Tegus,Baby Ultra Purple Tegu,SALVATOR MERIANAE X RUFESCENS,$399.99,9
Amphibians,Dusky Salamander,,$9.99,9
Snakes,Baby Scaleless Head Cinnamon Butter Ball Python,Python regius,$424.99,9
Lizards,Baby Dunner Bearded Dragon,Pogona vitticeps,$59.99,9
Inverts,Socotra Island Blue Baboon Tarantula,Monocentrophus balfouri,$99.99,9
Turtles,Baby Furrowed Wood Turtle,Rhinoclemmys areolata,$74.99,9
Turtles,Baby Serrated Sideneck Turtle,,$39.99,9
Amphibians,Red Ruber Salamander,Anolis sagrei,$59.99,9
Amphibians,Blue & Black Auratus Dart Frog,Dendrobates auratus,$39.99,9
Lizards,Flying Dragon Lizard,Draco lineatus,$34.99,9
Lizards,Adult Bearded Dragon,Pogona vitticeps,$174.99,9
Lizards,Bermanja Panther Chameleon,Furcifer pardalis,$349.99,9
Amphibians,Baby Pipa Pipa Toad,Pipa pipa,$44.99,9
Lizards,Eastern Collared Lizard,Crotaphytus collaris,$39.99,9
Snakes,Baby Black Cornsnake,Pantherophis guttatus,$34.99,9
Snakes,Baby Jelly Brooks Kingsnake,Lampropeltis getula brooksi,$59.99,9
Amphibians,Triangle Tree Frog,Dendropsophus triangulum,$49.99,9
Lizards,9-11 Inch High White Translucent Veiled Chameleon,Chamaeleo calyptratus,$84.99,9
Snakes,Schokari Sand Racer,Psammophis schokari,$59.99,9
Amphibians,Black Eyed Tree Frog,Agalychnis moreletii,$39.99,9
Inverts,Israeli Gold Scorpion,Scorpio maurus,$24.99,9
Snakes,Baby Hypo IMG Colombian Redtail Boa,Boa constrictor imperator,$999.99,9
Tegus,Albino Blue Tegu #2,Tupinambis Merianae,"$1,499.99",9
Snakes,Baby Mex Mex X Ruthveni Kingsnake,Lampropeltis m. mexicana X ruthveni,$69.99,9
Snakes,Baby Variable Kingsnake,Lampropeltis mexicana thayeri,$49.99,9
Tegus,Baby Red Het Anerythristic Tegu,Tupinambis rufescens,$599.99,9
Snakes,Baby Zebra Jungle Carpet Python,Morelia spilota cheynei,$249.99,9
Amphibians,Pipa Pipa Toad,,$29.99,9
Snakes,Baby Amazon Tree Boa,,$49.99,9
Venomous,Baby Saharan Sand Viper,Cerastes vipera,$149.99,9
Snakes,Baby San Matias Rosy Boas,Lichanura trivirgata saslowi,$99.99,9
Lizards,Juvenile Wedgehead Caiman,Paleosuchus palpebrosus,$349.99,9
Snakes,Baby Buf Cornsnake,Pantherophis guttatus,$44.99,9
Snakes,Yearling San Matias Rosy Boa,,$99.99,9
Lizards,Sambava Panther Chameleon,Furcifer pardalis,$249.99,9
Lizards,Dwarf Fischer’s Chameleon,Kinyongia tavetana,$29.99,9
Lizards,Desert Horned Lizard,,$24.99,9
Turtles,Baby North American Wood Turtle,Glyptemys insculpta,$274.99,9
Venomous,Silver Flat Nose Bamboo Pit Viper,Trimeresurus puniceus,$299.99,9
Turtles,Baby Leopard Softshell Turtle,Apalone ferox X Spinifera,$24.99,9
Snakes,Baby Colombian Redtail Boa,Boa constrictor imperator,$99.99,9
Lizards,Verrucosus Chameleon,Furcifer verrucosus,$49.99,9
Turtles,Baby Albino Pinkbelly Sideneck Turtle,Elseya novaeguinea,"$1,599.99",9
Snakes,Baby Aru x Manakwari Green Tree Python,Morelia Viridis,$399.99,9
Venomous,Baby Gabino Vipers,,$299.99,9
Snakes,Mexican Indigo,Drymarchon melanurus rubidus,"$1,499.99",9
Snakes,Baby Misol Green Tree Python,Morelia viridis,$399.99,9
Geckos,Paroedura Stumpffi,,$59.99,9
Snakes,Baby White Sided Peanut Butter Brooks Kingsnake,Lampropeltis getula brooksi,$99.99,9
Geckos,Sub-Adult Giant Tremper Emerine Leopard Gecko,Eublepharis macularius,$124.99,9
Lizards,Ground Agama,Agama aculeata,$34.99,9
Snakes,Baby Manakwari Green Tree Python,Morelia viridis,$399.99,9
Lizards,Pink Belly Swift,Sceloporus variabilis,$9.99,9
Tortoises,Baby Cherryhead  X Redfoot Tortoise Cross,Chelonoidis carbonaria,$174.99,9
Snakes,Baby Mexican Black x Desert Kingsnake,Lampropeltis getula nigrita x splendida,$39.99,9
Snakes,Hypo Sinaloan Milksnake,Lampropeltis triangulum,$64.99,9
Snakes,Baby Albino Sinacorn Snake,Lampropeltis triangulum sinaloae X Pantherophis guttatus,$59.99,9
Lizards,Abronia Mixteca (Mexican Alligator Lizard),Abronia mixteca,$199.99,9
Inverts,Unicorn Horned Baboon Tarantula,Ceratogyrus marshalli,$39.99,9
Geckos,Baby Maynland Chahoua Gecko,Rhacodactylus chahoua,$599.99,9
Geckos,Peacock Day Gecko,,$39.99,9
Lizards,Solomon Island Mangrove Monitor,,$149.99,9
Snakes,Baby Nelson’s Milksnake,Lampropeltis triangulum nelsoni,$49.99,9
Lizards,Baby High Colored Bearded Dragon,Pogona vitticeps,$34.99,9
Snakes,Colored Amazon Tree Boa,Corallus hortulanus,$124.99,9
Geckos,Vazimba Gecko,Paroedeura vazimba,$39.99,9
Snakes,Baby Banana Pewter Ball Python,,$274.99,9
Snakes,Baby Snow Western Hognose Snake,Heterodon nasicus,$499.99,9
Lizards,Baby Peach Throat Monitor,Varanus jobiensis,$299.99,9
Lizards,Brookesia Stumpffi,,$74.99,9
Tegus,Baby Albino Ice Tegu,Tupinambis Merianae X Tupinambis rufescens,"$1,999.99",9
Lizards,Angalovana Panther Chameleon,Furcifer pardalis,$299.99,9
Geckos,Baby Pinstripe Crested Gecko,Correlophus ciliatus,$74.99,9
Amphibians,Leopard Frog,Rana sphenocephala,$9.99,9
Inverts,Ghost Mantis,,$39.99,9
Turtles,Baby Stinkpot Musk Turtle,Sternotherus odoratus,$19.99,9
Lizards,Savannah Monitor,,$29.99,9
Lizards,Baby Emerald Swift,Sceloporus malachiticus,$14.99,9
Turtles,Baby Red Cheeked Mud Turtles,Kinosternon scorpioides cruentatum,$39.99,9
Turtles,Baby Two Headed Snapping Turtle,,,9
Inverts,Mexican Bloodleg Tarantula,,$149.99,9
Turtles,Baby Desert Ornate Box Turtle,Terrapene ornata luteola,$149.99,9
Inverts,Florida Keys Centipede,,$19.99,9
Isopods,Porcellio Scaber “Orange Dalmatian” Isopod,Porcellio Scaber,$14.99,8
Inverts,Nigerian Rusted Tarantula,Hysterocrates laticeps,$44.99,8
Lizards,Black Roughneck Monitor,Varanus rudicollis,$199.99,8
Snakes,Ringneck Snake,,$4.99,8
Lizards,Nidua Fringe Fingered Lizard,Acanthodactylus scutellatus,$14.99,8
Snakes,Baby Sonoran Gopher Snake,Pituophis melanoleucus,$74.99,8
Snakes,Northern Banded Water Snake,Nerodia sipedon,$29.99,8
Geckos,Sunglow Leopard Gecko,Eublepharis macularius,$54.99,8
Geckos,Lined Leaf Tail Gecko,Uroplatus lineatus,$224.99,8
Lizards,Abronia Lythrochila,Abronia lythrochila,$199.99,8
Snakes,Dominican Red Mountain Boa,Epicrates striatus striatus,$224.99,8
Lizards,Cuban Green Anole,Anolis porcatus,$5.99,8
Turtles,Hybino Red Ear Slider Turtle,Trachemys scripta elegans,"$1,249.99",8
Amphibians,Amazonian Red Striped Dart Frog,,$59.99,8
Amphibians,Rainbow Pacman,Ceratophrys cranwelli,$14.99,8
Amphibians,Malagasy Gliding Frog,,$39.99,8
Snakes,Baby Caramel Coastal Carpet Python,Morelia spilota mcdowelli,$149.99,8
Tortoises,Baby Pancake Tortoise,Malacochersus tornieri,$349.99,8
Inverts,Blue Fang Tarantula,Ephpebopus cyanognathus,$69.99,8
Amphibians,Camo Pacman Frog,Ceratophrys cranwelli,$14.99,8
Turtles,Albino Red Ear Slider Turtle,Trachemys scripta elegans,$249.99,8
Lizards,American Alligator,Alligator mississippiensis,$249.99,8
Geckos,Baby Normal Leopard Gecko,LIMITED TIME OFFER: GET 50% OFF THIS LEOPARD GECKO WITH THE PURCHASE OF A COMPLETE SETUP KIT!,$17.99,8
Inverts,Orange Starburst Baboon Tarantula,Pterinochilus murinus,$34.99,8
Lizards,Baby Irian Jaya Blue Tongue Skink,Tiliqua sp.,$349.99,8
Lizards,Baby Red Bearded Dragon,Pogona vitticeps,$54.99,8
Tortoises,Juvenile Ivory Sulcata Tortoise,,"$1,499.99",8
Snakes,Baby San Felipe Rosy Boas,Lichanura trivirgata saslowi,$99.99,8
Snakes,Baby Jungle Corn Snake,Lampropeltis getula californiae X Pantherophis guttatus,$44.99,8
Amphibians,Patricia Tinctorius Dart Frog,Dendrobates tinctorius,$34.99,8
Amphibians,Wild Type Axolotl,Ambystoma mexicanum,$24.99,8
Inverts,New Guinea Rust Orange Tarantula,Selenocosmia arndsti,$69.99,8
Snakes,Baby Plasma Colombian Redtail Boa,,$599.99,8
Lizards,Irian Jaya Blue Tongue Skink,Tiliqua sp.,$199.99,8
Isopods,Powder Blue Isopods,Porcellionides priunosus,$9.99,8
Isopods,Nosy Roly-Poly Isopods,Armadillidium nasatum,$9.99,8
Amphibians,Hatchet Face Frog,Sphaenorhynchus lacteus,$29.99,8
Snakes,Baby C.A. T+ Albino Sunglow Boa,Boa constrictor imperator,$199.99,8
Venomous,Baby Western Diamondback Rattlesnake,Crotalus atrox,$64.99,8
Snakes,Sonoran Gopher Snake,Pituophis catenifer affinis,$39.99,8
Lizards,Madagascar Giant Plated Lizard,,$49.99,8
Snakes,Baby Amel Motley Cornsnake,Pantherophis guttatus,$59.99,8
Inverts,Ornate Ornamental Tarantula,Poecilotheria ornata,$84.99,8
Inverts,Puerto Rican Pinktoe Tarantula,,$49.99,8
Snakes,Baby Sunkissed Ghost Cornsnake,,$49.99,8
Snakes,Baby Colombian Rainbow Boa,Epicrates cenchria,$49.99,8
Lizards,Pied Pectinata,,$699.99,8
Lizards,Baby Red Silkie Bearded Dragon,Pogona vitticeps,$69.99,8
Geckos,Cocteau Gecko,Hemidactylus flaviviridis,$9.99,8
Snakes,Egyptian Egg Eating Snake,Dasypeltis bazi,$199.99,8
Snakes,Baby Albino Durango Ruthvens Kingsnake,,$79.99,8
Snakes,Baby Scaleless Head Pewter Calico G Stripe Ball Python,Python regius,$999.99,8
Tegus,Albino Blue Tegu #1,Tupinambis Merianae,"$1,499.99",8
Lizards,Oustalet’s Chameleon,Furcifer chamaeleo oustaleti,$49.99,8
Amphibians,Oyapok Tinctorius Dart Frog,Dendrobates tinctorius,$39.99,8
Snakes,Baby Colored Amazon Tree Boa,Corallus hortulanus,$199.99,8
Lizards,Moroccan Uromastyx,Uromastyx acanthinurus,$149.99,8
Snakes,Baby Leopard Blade Clown Ball Python,,$999.99,8
Snakes,African Green Bush Snake,Philothamnus semivariegatus,$49.99,8
Lizards,Baby Savannah Monitor,,$19.99,8
Snakes,Baby Anery Tessera Cornsnake,Pantherophis guttatus,$79.99,8
Inverts,0.5 – 1.0 Inch Brazilian White Knee Tarantula,Acanthoscurria geniculata,$34.99,8
Lizards,Ocellated Uromastyx,,$99.99,8
Inverts,Panamanian Blonde Tarantula,Psalmopoeus pulcher,$39.99,8
Amphibians,Bumblebee Dart Frog,Dendrobates leucomelas,$39.99,8
Snakes,Yearling Tiger Coastal Carpet Python,Morelia spilota mcdowelli,$174.99,8
Snakes,Adult Axanthic Brooks Kingsnake,,$249.99,8
Amphibians,South American Giant Marine Toad,Bufo marinus,$39.99,8
Geckos,White Spot Gecko,Tarentola Annularis,$9.99,8
Snakes,Eastern Hognose Snake,Heterodon platirhinos,$199.99,8
Tortoises,Redfoot Tortoise,Chelonoidis carbonaria,$149.99,8
Turtles,West African Mud Turtle,Pelusios castaneus,$29.99,8
Snakes,East African Egg Eating Snake,Dasypeltis scabra,$69.99,8
Lizards,Furcifer Bifidus,Furcifer Bifidus,$99.99,8
Snakes,Western Ringneck Snake,,$29.99,8
Snakes,Baby Lavender Cornsnake,Pantherophis guttatus,$29.99,8
Lizards,Baby Saharan Yellow Uromastyx,Uromastyx geyri,$79.99,8
Geckos,Baby Albino Leopard Gecko,Eublepharis macularius,$29.99,8
Lizards,Baby Red Iguana,Iguana iguana,$34.99,8
Amphibians,Golden Gliding Frog,Polypedates leucomystax,$7.49,8
Amphibians,Painted Mantella,,$39.99,8
Geckos,Tripoli Gecko,Tropiocolotes tripolitanus,$19.99,8
Snakes,Baby Anery Stripe Kenyan Sand Boa,Eryx colubrinus,$79.99,8
Inverts,Mexican Flame Knee Tarantula,,$149.99,8
Snakes,Great Plains Ratsnake,Pantherophis emoryi,$39.99,8
Inverts,Cape Burrowing Scorpion,,$24.99,8
Lizards,Baby Dispar Uromastyx,,$124.99,8
Amphibians,Grey Tree Frog,Hyla versicolor,$9.99,8
Amphibians,Red and Black Walking Frog,Phrynomerus bifasciatus,$9.99,8
Amphibians,Baby Giant Pixie Frog,Pyxicephalus adspersus,$29.99,8
Snakes,Baby Aru x Jaya Green Tree Python,Morelia viridis,$399.99,8
Snakes,Baby Arizona Rosy Boa,Lichanura trivirgata trivirgata,$89.99,8
Turtles,Baby Northern Black Knob Map Turtles,Graptemys nigrinoda,$99.99,8
Amphibians,Golfodulcean Dart Frog,,$39.99,8
Snakes,West African Egg Eating Snake,Dasypeltis scabra,$64.99,8
Snakes,Baby Cotton Candy Snow Cornsnake,,$69.99,8
Snakes,White Lipped Python,Leiopython albertisii,$324.99,8
Amphibians,Powder Blue Tinctorius Dart Frog,Dendrobates tinctorius,$39.99,8
Snakes,Baby Enchi Spider Clown Ball Python,,$799.99,8
Snakes,Red Tailed Green Ratsnake,Gonyosoma oxycephalum,$74.99,8
Geckos,Baby Super Harlequin Pinstripe Crested Gecko,Correlophus ciliatus,$199.99,8
Snakes,Lesser Ball Python,,$64.99,8
Inverts,Singapore Blue Tarantula,,$49.99,8
Snakes,African File Snake,Mehelya crossi,$74.99,8
Geckos,Fan Footed Gecko,Ptyodactylus hasselquistii,$14.99,8
Amphibians,Baby Giant Waxy Monkey Tree Frog,,$59.99,8
Geckos,Baby Crimson Madagascar Giant Day Gecko,Phelsuma grandis,$39.99,8
Snakes,Red Beaked Snake,,$74.99,8
Lizards,Baby Bearded Dragon,Pogona vitticeps,$44.99,8
Lizards,Baby Silky (Scaleless) Bearded Dragon,Pogona vitticeps,$74.99,8
Geckos,Mack Snow Albino Leopard Gecko,Eublepharis macularius,$54.99,8
Snakes,Baby Suriname Redtail Boa,Boa constrictor constrictor,$149.99,8
Amphibians,Citronella Tinctorius Dart Frog,,$39.99,8
Lizards,Red Garden Skink,Lampropholis guichenoti,$4.99,8
Lizards,Cuvier’s Dwarf Caiman,Paleosuchus palpebrosus,$249.99,8
Geckos,Baby Normal Panther Gecko,Paroedura pictus,$19.99,8
Snakes,San Isabel Solomon Island Ground Boa,Candoia carinata paulsoni,$149.99,8
Amphibians,Baby Budgett’s Frog,Lepidobatrachus laevis,$49.99,8
Amphibians,Turquoise And Black Auratus Dart Frog,Dendrobates auratus,$39.99,8
Lizards,Serrated Conehead Lizard,,$299.99,8
Tortoises,Baby Leopard Tortoise,Stigmochelys pardalis babcocki,$149.99,8
Amphibians,Solomon Island Eyelash Frog,Ceratobatrachus guentheri,$34.99,8
Snakes,HCQ Coastal Carpet Python,Morelia spilota mcdowelli,$199.99,8
Tegus,Baby Albino Blue Tegu,Tupinambis Merianae,"$1,499.99",8
Inverts,Mexican Red Rump Tarantula,Brachypelma vagans,$24.99,8
Lizards,Plica Plica Lizard,Plica plica,$19.99,8
Lizards,Savigny’s Agama,Trapelus savignii,$19.99,8
Lizards,Baby Red Ackie Monitor,Varanus Acanthurus,$399.99,8
Lizards,Major Skink,Egernia frerei,$49.99,8
Turtles,Adult Desert Ornate Box Turtle,Terrapene ornata luteola,$149.99,8
Snakes,Baby Anaconda Western Hognose Snake,,$149.99,8
Turtles,Baby Hybrid Box Turtle,Terrapene carolina bauri x Terrapene ornata ornate x Terrapene carolina carolina,$124.99,8
Venomous,Egyptian Saw Scale Viper,Echis pyramidum,$199.99,8
Inverts,Death Stalker Scorpion,Leiurus quinquestriatus,$34.99,8
Snakes,Baby Tiger Darwin’s Carpet Python,,$174.99,8
Amphibians,Ornate Pacman Frog,Ceratophrys ornata,$29.99,8
Lizards,Petters Chameleon,Furcifer petteri,$249.99,8
Lizards,Sun Skink,Eutropis multifasciata,$6.99,8
Geckos,Leopard Gecko,Eublepharis macularius,$39.99,8
Geckos,Subadult Hypo Leopard Gecko,Eublepharis macularius,$39.99,8
Lizards,Baby Hypo Silkie Bearded Dragon,Pogona vitticeps,$79.99,8
Isopods,Porcellio Laevis “Dairy Cow” Isopod,Porcellio Laevis,$17.49,8
Lizards,Baby Cape Banded White Throat Monitor,Varanus albigularis,$599.99,8
Inverts,Solomon Island Giant Green Centipede,Ethmostigmus rubripes,$399.99,8
Isopods,Porcellionides priunosus “white out” Isopod,Porcellionides priunosus,$14.99,8
Turtles,Baby Hypo Pastel Red Ear Slider Turtle,Trachemys scripta elegans,$174.99,8
Venomous,Baby Western Diamondback Rattlesnake,Crotalus atrox,$124.99,8
Lizards,Baby Cuvier’s Caiman,Paleosuchus palpebrosus,$249.99,8
Snakes,Baby Tanimbar Amethystine Python,Morelia amethystina,$349.99,8
Geckos,Sunglow Raptor Leopard Gecko,Eublepharis macularius,$64.99,8
Snakes,Yearling Costa Rican Boa,Boa Constrictor imperator,$174.99,8
Inverts,Colombian Dwarf Tiger Tarantula,Cyriocosmus leetzi,$34.99,8
Snakes,Red Amazon Tree Boa,Corallus hortulanus,$199.99,8
Snakes,Baby Black Ratsnake,Pantherophis obsoletus,$34.99,8
Snakes,Sumatran Blood Python,Python brongersMay,$349.99,8
Snakes,Reticulated Python,Python reticulatus,$249.99,8
Snakes,Baby California Kingsnake,,$84.99,8
Inverts,Red Birdeater Tarantula,,$39.99,8
Inverts,Devils Flower Mantis,Idolomantis diabolica,$49.99,8
Lizards,Baby Blue Tail Monitor,Varanus doreanus,$349.99,8
Venomous,Juvenile Eastern Diamondback Rattlesnake,Crotalus adamanteus,$174.99,8
Snakes,Plains Garter Snake,Thamnophis radix,$9.99,8
Snakes,Baby Axanthic Whitesided Brooks Kingsnake,Lampropeltis getula brooksi,$64.99,8
Snakes,Baby Lereh Green Tree Python,Morelia Viridis,$399.99,8
Tortoises,Yearling Burmese Brown Mountain Tortoise,Manouria emys,$224.99,8
Inverts,Thai Tiger Tarantula,,$19.99,8
Lizards,4-5 Inch High White Translucent Veiled Chameleon,Chamaeleo calyptratus,$89.99,8
Lizards,Dispar Uromastyx,Uromastyx dispar dispar,$124.99,8
Lizards,Baby Ambilobe Panther Chameleon,Furcifer pardalis,$199.99,8
Snakes,Baby Ribbon Snake,Thamnophis sauritus,$3.99,8
Turtles,Baby Pinkbelly Sideneck Turtle,Emydura subglobosa,$39.99,8
Isopods,Armadilidium Frontirostre Isopod,,$39.99,8
Inverts,Stripe Knee Tarantula,,$24.99,8
Snakes,Baby Blood Red Scaleless Cornsnake,Pantherophis guttatus,$449.99,8
Inverts,Stone Centipede,,$19.99,8
Amphibians,Italian Alpine Newt,Ichthyosaura alpestris,$24.99,8
Inverts,Asian Hooded Mantis,Rhombodera fusca,$29.99,8
Lizards,4 to 5 inch Translucent Veiled Chameleon,Chamaeleo calyptratus,$49.99,8
Turtles,Baby Japanese Wood Turtle,,$74.99,8
Snakes,Red Coachwhip Snake,,$49.99,8
Snakes,Baby Sumatran Blood Python,Python brongersMay,$99.99,8
Isopods,Powder Orange Isopods,Porcellionides priunosus,$14.99,8
Snakes,Black Racer,Coluber constrictor priapus,$9.99,8
Amphibians,Cobalt Blue Tinctorius Dart Frog,Dendrobates tinctorius,$39.99,8
Amphibians,C.B. Snowflake Dumpy Tree Frog,Litoria caerulea,$29.99,8
Inverts,Pinktoe Tarantula,Avicularia avicularia,$9.99,8
Geckos,Rough Tailed Gecko,Cyrtopodion scaber,$14.99,8
Lizards,Abronia Deppii,,$999.99,8
Inverts,Thailand Golden Fringe Tarantula,Ornithoctonus aureotibialis,$59.99,8
Lizards,New Guinea Legless Lizard,Lialis burtonis,$99.99,8
Tegus,Baby Paraguayan Red Tegu,Tupinambis rufescens,$399.99,8
Snakes,Aru Green Tree Python,Morelia viridis,$599.99,8
Inverts,Australian Giant Prickly Stick Insect,,$24.99,8
Lizards,Malagasy Three Eyed Lizard,Chalarodon madagascariensis,$14.99,8
Snakes,Baby Hypo Colombian Redtail Boa,Boa constrictor imperator,$199.99,8
Tegus,Snowmaker Tegu,Tupinambis Merianae X Tupinambis rufescens,$499.99,8
Lizards,Sulphur Monitor,,"$1,749.99",8
Snakes,Baby Pastel Banana Ball Python,Python regius,$349.99,8
Lizards,Red Sided Skink,Trachylepis homalocephala,$6.99,8
Inverts,Mysore Ornamental Tarantula,Poecilotheria straita,$59.99,8
Tegus,Baby High White Red Tegu,,$399.99,8
Inverts,Brazilian Blue Violet Tarantula,Pterinopelma saziMay,$34.99,8
Inverts,Amazon Giant Centipede,Scolopendra gigantea,$399.99,8
Geckos,Baby Blazing Blizzard Leopard Gecko,,$44.99,8
Tortoises,Baby Elongated Tortoise,Inditestudo elongata,$124.99,8
Lizards,Baby Brown Basilisk,Basiliscus vittatus,$14.99,8
Lizards,Baby Sulawesi Water Monitor,Varanus salvator,$299.99,8
Snakes,Solomon Island Black File Snake,Acrochordus granulatus,$199.99,8
Snakes,Baby Albino Western Hognose Snake,,$174.99,8
Lizards,Red Bar Ambilobe Panther Chameleon,Furcifer pardalis,$299.99,8
Amphibians,Blue Gliding Frog,Rhacophorus dennysi,$24.99,8
Inverts,Orchid Mantis,Hymenopus coronatus,$59.99,8
Inverts,Giant Chinese Praying Mantis,Tenodera sinensis,$29.99,8
Snakes,Red Bellied Swamp Snake,Seminatrix pygaea,$39.99,8
Inverts,Sangihe Black Tarantula,Lampropelma nigerimum,$49.99,8
Snakes,Baby Scaleless Head Super Pastel Ball Python,Python regius,$399.99,8
Snakes,Baby Blood Red Cornsnake,Pantherophis guttatus,$49.99,8
Lizards,Baby Asian Water Monitor,,$99.99,8
Snakes,Baby Florida Kingsnake,Lampropeltis getula floridana,$49.99,8
Lizards,Baby Citrus Bearded Dragon,Pogona vitticeps,$54.99,8
Snakes,Baby Western Hognose Snake,Heterodon nasicus,$99.99,8
Lizards,Jackson’s Chameleon,Trioceros jacksonii,,8
Amphibians,Red Leg Running Frog,Kassina maculata,$9.99,8
Snakes,Jansen’s Ratsnake,Gonyosoma jansenii,$499.99,8
Amphibians,Strawberry Pacman Frog,Ceratophrys cranwelli,$34.99,8
Lizards,Merauke Blue Tongue Skink,Tiliqua gigas,$249.99,8
Lizards,6-8 Inch High Colored Bearded Dragon,Pogona vitticeps,$44.99,8
Snakes,Baby Banded Water Snake,Nerodia fasciata,$19.99,8
Turtles,Baby African Mud Turtle,Pelusios castaneus,$29.99,8
Tortoises,Baby Sri Lankan Star Tortoise,Geochelone elegans,$499.99,8
Snakes,Yearling Bay Of La Rosy Boa,,$99.99,8
Turtles,African Dwarf Mud Turtle,Pelusios nanus,$249.99,8
Lizards,Brown Basilisk,Basiliscus vittatus,$9.99,8
Amphibians,Eastern Tiger Salamander,Ambystoma tigrinum,$49.99,8
Geckos,Baby Orange Brindle Phantom Pinstripe Crested Gecko,Correlophus ciliatus,$149.99,8
Turtles,Gibba Gibba Turtle,,$39.99,8
Snakes,Baby Durango Mountain x Ruthvens Kingsnake,,$69.99,8
Amphibians,Baby Brazilian Horned Frog,Ceratophrys aurita,$39.99,8
Venomous,Tamaulinpan Rock Rattlesnake,Crotalus morulus,$999.99,8
Snakes,Dice Snake,Natrix tessellata,$39.99,8
Turtles,Baby Giant Mexican Musk Turtle,Staurotypus triporcatus,$124.99,8
Lizards,Baby Desert Spiny Lizard,Sceloporus magister,$19.99,8
Tegus,Albino Snowmaker Tegu #5,Tupinambis Merianae X Tupinambis rufescens,"$2,499.99",8
Snakes,Melanistic Garter Snake,Thamnophis sirtalis similis,$199.99,8
Lizards,Emerald Swift,Sceloporus malachiticus,$19.99,8
Turtles,Baby Siebenrock’s Snake Necked Turtle,Chelodina siebenrocki,$124.99,8
Snakes,Baby Sinacorn Snake,Lampropeltis triangulum sinaloae X pantherophis guttatus,$44.99,8
Inverts,Camel Spider,Galeodes arabs,$24.99,8
Lizards,9 to 11 Inch Veiled Chameleon,Chamaeleo calyptratus,$69.99,8
Inverts,Olive Keeled Flat Rock Scorpion,Hadogenes paucidens,$44.99,8
Inverts,Chaco Golden Knee Tarantula,Grammostola pulchripes,$49.99,8
Venomous,Baby West African Gaboon Viper,Bitis gabonica rhinosceros,$99.99,8
Inverts,Brazilian Black And White Tarantula,Nhandu coloratovillosus,$29.99,8
Tegus,Baby Purple 66% Poss Het Albino Tegu,,$399.99,8
Lizards,Baby Spiny Neck Monitor,Varanus spinulosus,$499.99,8
Inverts,Peruvian Blue Zebra Tarantula,“Peruvian Blue Birdeater”,$34.99,8
Geckos,Baby Halloween Super Harlequin Crested Gecko,Correlophus ciliatus,$249.99,8
Inverts,Antilles Pinktoe Tarantula,Caribena versicolor,$49.99,8
Lizards,Green Carpet Chameleon,Furcifer viridis,$79.99,8
Turtles,Kwangtung River Turtle,,$74.99,8
Lizards,Baby Green Amieva,,$19.99,8
Lizards,Baby Spiny Tailed Iguana,Ctenasaura similis,$14.99,8
Snakes,Hissing Sand Snake,,$39.99,8
Lizards,Saharan Yellow Uromastyx,Uromastyx geyri,$49.99,8
Snakes,Yearling Biak Green Tree Python,Morelia viridis,$349.99,8
Geckos,Baby Anery Panther Gecko,Paroedura pictus,$24.99,8
Geckos,Baby High Pink Nu Ana Leachianus Gecko,,$649.99,8
Lizards,Clubtail Iguana,Ctenosaura quinquecarinata,$29.99,8
Turtles,Ornate Box Turtle,Terrapene ornata ornata,$149.99,8
Inverts,Devil Scorpion,Vaejovis carolinianus,$14.99,8
Tegus,Baby Black Flame Tegu,,$299.99,8
Lizards,Brookesia Superciliaris,Brookesia superciliaris,$64.99,8
Geckos,Baby Aberrant Orange Stripe Gargoyle Gecko,Rhacodactylus auriculatus,$299.99,8
Snakes,Baby Egyptian Diadem Rat Snake,Spalerosophis diadema,$49.99,8
Snakes,Baby Sunglow Motley Cornsnake,Pantherophis guttatus,$39.99,8
Amphibians,Albino 4 Spot Patternless Pacman Frog,C. cranwelli,$29.99,8
Tortoises,Baby Sulcata Tortoise,Centrochelys sulcata,$59.99,8
Inverts,Tunisian Fat Tail Scorpion,Androctonus australis,$39.99,8
Inverts,Trinidad Chevron Tarantula,Psalmopoeus cambridgei,$29.99,8
Isopods,Granulatum Roly-Poly Isopods,Armadillidium granulatum,$27.49,8
Snakes,Yearling Otay Lake Rosy Boa,Lichanura trivirgata,$124.99,8
Geckos,Baby Albino Mack Snow Leopard Gecko,Eublepharis macularius,$39.99,8
Snakes,Baby Asian Vine Snakes,Ahaetulla prasina,$74.99,8
Snakes,Malagasy Leaf-Nosed Snake,Langaha madagascariensis,$99.99,8
Amphibians,Baby Green Suriname Horned Frog,Ceratophrys cornuta,$34.99,8
Snakes,Baby Pueblan Milksnake,Lampropeltis triangulum campbelli,$39.99,8
Snakes,Baby Scaleless Head Ball Python,Python regius,$224.99,8
Tegus,Albino Ultra Purple Tegu #4,SALVATOR MERIANAE X RUFESCENS,"$2,499.99",8
Inverts,Florida Bark Scorpion,Centruroides gracilis,$19.99,8
Tortoises,Cherryhead  X Redfoot Tortoise,Chelonoidis carbonaria,$249.99,8
Snakes,Baby Amel Tessera Cornsnake,Pantherophis guttatus,$74.99,8
Lizards,Baby Black Roughneck Monitor,Varanus rudicollis,$224.99,8
Turtles,Spot-Legged Wood Turtle,LIMITED TIME ONLY: Get a free red shrimp treats with every 3-pack of Spot-Legged Wood Turtle,$49.99,8
Inverts,Darwin’s Goliath Centipede,,$399.99,8
Geckos,Purple Nuu Ana Leachianus Gecko,,"$1,499.99",8
Inverts,Thailand Zebra Tarantula,haplopelma albostriatum,$59.99,8
Amphibians,Blue Azureus Tinctorius Dart Frog,Dendrobates tinctorius,$39.99,8
Geckos,Baby Super Snow Leopard Gecko,Eublepharis macularius,$44.99,8
Geckos,Baby Flame Pinstripe Crested Gecko,Correlophus ciliatus,$149.99,8
Inverts,Mexican Golden Red Rump Tarantula,Brachypelma albiceps,$84.99,8
Isopods,Dwarf Purple Isopods,Isopoda sp.,$9.99,8
Lizards,Baby Mangrove Monitor,,$124.99,8
Lizards,Baby Super Blue Tegu,Salvator merianae,$499.99,8
Isopods,Porcellio Scaber “Spanish Orange” Isopod,Porcellio Scaber,$14.99,8
Amphibians,Green And Bronze Auratus Dart Frog,,$39.99,8
Inverts,Phillipine Leaf Insect,Phyllium philippinicum,$24.99,8
Tortoises,Cherryhead  X Redfoot Tortoise,Chelonoidis carbonaria,$174.99,8
Inverts,Thai Black Tarantula,Haplopelma minax,$39.99,8
Geckos,Gold Dust Day Gecko,P. laticauda laticauda,$39.99,8
Amphibians,Beautiful Mantella,Mantella pulchra,$24.99,8
Lizards,Baby Blue Axanthic Iguana,Iguana iguana,$69.99,8
Snakes,Baby Banana California Kingsnake,Lampropeltis getula californiae,$99.99,8
Inverts,Purple Pinktoe Tarantula,,$69.99,8
Snakes,Baby Caramel Corn Snake,Pantherophis guttatus,$29.99,8
Snakes,White Oak Rat Snake,Elaphe obsoleta spiloides,$29.99,8
Snakes,Yearling Yorba Linda Rosy Boa,,$124.99,8
Tortoises,Aldabra Tortoise,Geochelone gigantea,"$34,999.99",8
Snakes,Yearling Lake Chapala Rosy Boa,,$124.99,8
Snakes,Baby Eastern MilkSnake,,$199.99,8
Tegus,Albino Blue Tegu #4,Tupinambis Merianae,"$1,499.99",8
Snakes,Baby Borneo Blood Python,Python curtus,$99.99,8
Amphibians,Super Tigerleg Monkey Tree Frog,Phyllomedusa tomopterna,$29.99,8
Amphibians,C.B. Baby Honey Australian Dumpy Tree Frog,Litoria caerulea,$19.99,8
Geckos,Egyptian Sand Gecko,Stenodactylus petrii,$19.99,7
Turtles,Baby Ornate x Florida Box Turtle,,$149.99,7
Snakes,Baby Darwin’s Carpet Python,,$124.99,7
Snakes,Baby Hypo Plasma Cornsnake,Pantherophis guttatus,$74.99,7
Snakes,Guyana Redtail Boa,,$224.99,7
Amphibians,Large Sunburst Pacman Frog,Ceratophrys cranwelli,$34.99,7
Tegus,Albino Ultra Purple Tegu #3,SALVATOR MERIANAE X RUFESCENS,"$2,499.99",7
Tegus,Albino Snowmaker Tegu #1,Tupinambis Merianae X Tupinambis rufescens,"$2,499.99",7
Amphibians,Brown Pacman Frog,Ceratophrys cranwelli,$19.99,7
Lizards,Emma Gray’s Forest Lizard,Calotes emma,$9.99,7
Turtles,Baby Chiapas Giant Musk Turtle,Staurotypus salvinii,$99.99,7
Inverts,2-3 Inch Brazilian White Knee Tarantula,Acanthoscurria geniculata,$79.99,7
Turtles,Asian Leaf Turtle,C. sp.,$39.99,7
Inverts,African Stick Mantis,Heterochaeta Orientalis sp,$29.99,7
Snakes,Baby Brooks Kingsnake,Lampropeltis getula brooksi,$44.99,7
Snakes,Baby Albino Cornsnake,Pantherophis guttatus,$49.99,7
Inverts,Indian Violet Tarantula,Chilobrachy fimbriatus,$49.99,7
Turtles,Baby Victoria Pink Eared Turtle,,$149.99,7
Inverts,Panamanian Blonde Tarantula,Psalmopoeus pulcher,$39.99,7
Snakes,Brown Water Snake,Nerodia taxispilota,$14.99,7
Tegus,Albino Snowmaker Tegu #2,Tupinambis Merianae X Tupinambis rufescens,"$2,499.99",7
Amphibians,Baby Super Tigerleg Monkey Tree Frog,Phyllomedusa tomopterna,$49.99,7
Snakes,Baby Irian Jaya Caramel Zebra Carpet Python,Morelia spilota variegata x cheynei,$399.99,7
Geckos,Baby Blood Orange Tristripe Crested Gecko,Correlophus ciliatus,$174.99,7
Snakes,Madagascar Giant Hognose Snake,,$199.99,7
Lizards,12+ Inch Translucent Veiled Chameleon,Chamaeleo calyptratus,$64.99,7
Lizards,Monkey Anole,,$44.99,7
Isopods,Mardi Gras Dalmatian Isopod,,$44.99,7
Amphibians,Amazon Milk Frog,Trachycephalus resinifictrix,$24.99,7
Lizards,Crocodile Tegu,,"$5,499.99",7
Isopods,Oniscus Asellus “Skirted” Isopod,Oniscus asellus,$9.99,7
Tortoises,Baby Greek Tortoise,Testudo graeca,$174.99,7
Tortoises,Serrated Hingeback Tortoise,Kinixys erosa,$99.99,7
Snakes,Amazon Tree Boa,Corallus hortulanus,$34.99,7
Snakes,Hissing Sand Snake,,$39.99,7
Turtles,Baby Schultze’s Snapping Turtle,,$59.99,7
Snakes,Baby Sumatran Short Tail Python,Python curtus,$149.99,7
Lizards,Baby Club Tail Iguana,Ctenosaura quinquecarinata,$29.99,7
Snakes,Baby Costa Rican Rainbow Boa,Epicrates cenchria,$99.99,7
Snakes,Baby Butter Corn Snake,Pantherophis guttatus,$29.99,7
Lizards,Calico Abronia Lythrochila,Abronia lythrochila,$349.99,7
Inverts,Southern Horned Baboon Tarantula,Ceratogyrus darlingi,$29.99,7
Snakes,Baby Motley Cornsnake,Pantherophis guttatus,$49.99,7
Inverts,Tanzanian Chestnut Baboon Tarantula,,$24.99,7
Snakes,Baby Vanishing Pattern Cornsnake,,$54.99,7
Tegus,Gold Tegu,Tupinambis teguixin,$39.99,7
Tegus,Baby Purple Tegu,Salvator sp.(merianea x rufescens),$199.99,7
Inverts,Six – Eye Sand Spider,Sicarius hahni,$39.99,7
Venomous,Desert Horned Viper,Cerastes cerastes,$299.99,7
Lizards,Similis Monitor,Varanus Similis,$149.99,7
Turtles,Baby Peninsula Cooter Turtle,Pseudemys peninsularis,$19.99,7
Geckos,Baby Albino Panther Gecko,Paroedura pictus,$89.99,7
Inverts,South African Spotted Baboon Tarantula,Augacephalus ezendami,$19.99,7
Inverts,Red Claw Emperor Scorpion,Pandinus cavimanus,$14.99,7
Snakes,Yearling San Gabriel Mountain Rosy Boa,,$124.99,7
Snakes,Baby Emerald Tree Boa,Corallus caninus,$499.99,7
Amphibians,Giant Waxy Monkey Tree Frog,Phyllomedusa bicolor,$59.99,7
Snakes,BRAHIMINY BLIND SNAKE,,$9.99,7
Inverts,Baby Asian Forest Scorpion,,$14.99,7
Snakes,Elephant Trunk Snake,,$124.99,7
Turtles,Baby Nicaraguan Ornate Slider Turtle,,$24.99,7
Tegus,Albino Ultra Purple Tegu #1,SALVATOR MERIANAE X RUFESCENS,"$2,499.99",7
Snakes,Baby Buf Motley Cornsnake,,$49.99,7
Inverts,Thai Giant Shield Mantis,Rhombodera megaera,$29.99,7
Lizards,Fringe Fingered Leopard Lizard,Acanthodactylus pardalis,$14.99,7
Amphibians,Foam Nest Tree Frog,Chiromantis xerampelina,$14.99,7
Geckos,Uroplatus sameiti,Uroplatus sameiti,$249.99,7
Venomous,Southern Cotton Mouth,Agkistrodon piscivorus,$39.99,7
Inverts,Brazilian Blue Dwarf Beauty,,$44.99,7
Snakes,Baby Blade Clown Ball Python,,$349.99,7
Amphibians,Large Albino Pacman Frog,Ceratophrys cranwelli,$29.99,7
Inverts,Malaysian Earth Tiger,Cyriopagopus schioedtei,$49.99,7
Lizards,Red Eyed Crocodile Skink,Tribolonotus gracilis,$99.99,7
Snakes,Baby Kenyan Sand Boa,Eryx colubrinus,$59.99,7
Lizards,12+ Inch Veiled Chameleon,Chamaeleo calyptratus,$59.99,7
Snakes,Green Cat Eye Snake Pair,,$399.99,7
Snakes,Baby Albino California Kingsnake,Lampropeltis getula californiae,$54.99,7
Snakes,Baby Grey Ratsnake,,$39.99,7
Inverts,Orange Spotted Assassin Bug,,$34.99,7
Lizards,Baby Translucent Bearded Dragon,Pogona vitticeps,$49.99,7
Amphibians,Baby White Lined Monkey Tree Frog,Phyllomedusa vaillantii,$59.99,7
Lizards,Brookesia Thieli,Brookesia thieli,$64.99,7
Tegus,Albino Snowmaker Tegu #4,Tupinambis Merianae X Tupinambis rufescens,"$2,499.99",7
Tegus,Baby Albino Tiger Ice Tegu,Tupinambis merianae X Tupinambis rufescens,"$2,999.99",7
Snakes,Egyptian Diadem Rat Snake,Spalerosophis diadema,$39.99,7
Lizards,O’Shaughnessy’s Chameleon,Calumma oshaughnessyi,$699.99,7
Amphibians,Giant Orange Tinctorius Dart Frog,,$39.99,7
Snakes,Green Snake,Opheodrys aestivus,$19.99,7
Lizards,Baby Halmahera Blue Tongue Skink,Tiliqua gigas,$149.99,7
Isopods,Montenegro Roly-Poly Isopods,Armadillidium klugii,$39.99,7
Lizards,Baby Jackson’s Chameleon,Trioceros jacksonii,$24.99,7
Tortoises,Baby Russian Tortoise,,$174.99,7
Lizards,Juvenile Whitethroat Monitor,Varanus albigularis,$399.99,7
Snakes,Florida Rough Green Snake,Opheodrys aestivus,$14.99,7
Inverts,Costa Rican Red Leg Tarantula,,$124.99,7
Snakes,Ribbon Snake,Thamnophis sauritus,$9.99,7
Geckos,Ember Crested Gecko (HYBRID),Correlophus ciliatus x sarasinorum (HYBRID),"$4,999.99",7
Inverts,Featherleg Baboon Tarantula,Stromatopelma calceatum,$29.99,7
Lizards,Abronia Leurolepis,Abronia leurolepis,$499.99,7
Snakes,Baby Hypo Scaleless Everglades Ratsnake,Elaphe obsoleta rossalleni,$199.99,7
Snakes,Baby Caramel Western Hognose Snake,,$299.99,7
Lizards,Green Amieva,Ameiva ameiva,$14.99,7
Snakes,Adult Ball Python,Python regius,$64.99,7
Snakes,Annulated Boa,Corallus annulatus,$599.99,7
Lizards,Abronia Taeniata,,$299.99,7
Lizards,Baby Axanthic Halmahera Blue Tongue Skink,Tiliqua gigas,$399.99,7
Lizards,Baby Hypo Leatherback Bearded Dragon,Pogona vitticeps,$54.99,7
Amphibians,Eastern Newt,Notophthalmus viridescens,$9.99,7
Lizards,Zonosaurus laticaudatus,Zonosaurus laticaudatus,$14.99,7
Lizards,Baby Saharan Red Uromastyx,Uromastyx geyri,$124.99,7
Lizards,Yearling Green Iguana,Iguana iguana,$19.99,7
Inverts,Colombian Giant Redleg Tarantula,Megaphobema Robustum,$39.99,7
Venomous,Baby Mexican West Coast Rattlesnake,Crotalus basiliscus,$124.99,7
Inverts,Curly Haired Tarantula,Brachypelma albopilosum,$24.99,7
Geckos,Brook’s Gecko,Hemidactylus brookii,$2.99,7
Lizards,9-11 Inch Hypo Translucent Bearded Dragon,,$99.99,7
Lizards,Baby Leatherback Bearded Dragon,Pogona vitticeps,$49.99,7
Amphibians,Madagascar Reeds Frogs,Heterixalus madagascariensis,$9.99,7
Lizards,White Eyed Crocodile Skink,Triblonotus novaeguineae,$149.99,7
Amphibians,Adult Green And Black Auratus Dart Frog,LIMITED TIME OFFER: GET 50% OFF SHIPPING WITH THE PURCHASE OF 3 OR MORE,$34.99,7
Snakes,Orange Amazon Tree Boa,Corallus hortulanus,$199.99,7
Snakes,Baby Caramel Jaguar Carpet Python,Morelia Spilota McDowelli,$199.99,7
Turtles,3-4 Inch Stinkpot Musk Turtle,Sternotherus odoratus,$14.99,7
Tortoises,Yellowfoot Tortoises,Geochelone denticulata,$249.99,7
Inverts,Venezuelan Green Bottle Blue Tarantula,Chromatopelma cyaneopubescens,$69.99,7
Amphibians,Inferalanis Tinctorius Dart Frog,Dendrobates tinctorious,$29.99,7
Inverts,Texas Brown Millipede,Orthoporus ornatus,$5.99,7
Inverts,African Trap Door Spider,Ctenolophus purcell,$19.99,7
Turtles,Baby Chinese Golden Thread Turtles,Ocadia sinensis,$39.99,7
Lizards,Baby Ornate Uromastyx,Uromastyx ornata,$274.99,7
Snakes,Baby Broad Banded Mountain Ratsnake,Oreocryptophis porphyraceus laticincta,$249.99,7
Tortoises,Baby Marginated Tortoise,Testudo marginata,$124.99,7
Lizards,Red Headed Agama,Agama agama,$14.99,7
Turtles,Baby Red Ear Slider Turtle,Trachemys scripta elegans,$5.99,7
Lizards,Green Anole,Anolis carolinensis,$3.99,7
Snakes,Baby Northern Banded Water Snake,Nerodia sipedon,$29.99,7
Amphibians,Lipstick Pacman Frog,Ceratophrys cranwelli,$24.99,7
Snakes,Baby Mexican Rosy Boa,Lichanura trivirgata trivirgata,$99.99,7
Inverts,Rear Horn Baboon Tarantula,Ceratogyrus darlingi,$34.99,7
Venomous,McGregor’s Pit Viper,Trimeresurus mcgregori,$999.99,7
Lizards,16+ Inch Veiled Chameleon,Chamaeleo calyptratus,$74.99,7
Inverts,African Twig Mantis,Popa Spurca,$29.99,7
Lizards,Baby Timor Monitor,Varanus timorensis,$174.99,7
Geckos,Flying Gecko,Ptychozoon kuhli,$19.99,7
Inverts,Gooty Sapphire Ornamental Tarantula,Poecilotheria metallica,$94.99,7
Inverts,Stick Insect,Phanocles daxala,$29.99,7
Isopods,Armadillidium Sordidum “Punta Cana” Isopod,Armadillidium Sordidum,$14.99,7
Snakes,Baby Burmese Python,Python bivittatus,$249.99,7
Lizards,Plica Umbra Lizard,Plica umbra,$19.99,7
Snakes,Red MilkSnake,,$249.99,7
Snakes,Baby Central American Boa,Boa Constrictor imperator,$49.99,7
Geckos,Fat Tailed Gecko,Hemitheconyx caudicinctus,$29.99,7
Tegus,Baby Argentine Red Tegu,Tupinambis rufescens,$199.99,7
Snakes,Baby Red Tailed Green Ratsnake,,$99.99,7
Tortoises,Baby Burmese Black Mountain Tortoise,Manouria emys phayrei,$299.99,7
Amphibians,Red Eft Newt,,$7.49,7
Geckos,Baby Premium Crested Gecko,Correlophus ciliatus,$39.99,7
Snakes,Baby False Water Cobra,,$249.99,7
Amphibians,Slimy Salamander,Plethodon glutinosus,$19.99,7
Snakes,Green Water Snake,,$14.99,7
Amphibians,Smooth Sided Toad,,$34.99,7
Snakes,Viper Boa,,$199.99,7
Inverts,Thistle Mantis,,$49.99,7
Inverts,Regal Jumping Spider,Phidippus regius,$14.99,7
Amphibians,Yellow Barred Tiger Salamander,,$34.99,7
Turtles,Baby Florida Softshell Turtle,Apalone ferox,$9.99,7
Inverts,Marshalls Horned Baboon Tarantula,,$39.99,7
Lizards,Bearded Pygmy Chameleon,Rieppeleon brevicaudatus,$24.99,7
Snakes,Baby Mexican Rosy Boas,Lichanura trivirgata saslowi,$99.99,7
Lizards,Halmahera Blue Tongue Skink,Tiliqua gigas,$224.99,7
Lizards,6-8 Inch Citrus Leatherback Bearded Dragon,Pogona vitticeps,$59.99,7
Snakes,Baby Nicaraguan Boa,Boa constrictor imperator,$49.99,7
Inverts,Sun Spider,Solifugae sp.,$24.99,7
Snakes,Baby Albino Redfactor Cornsnake,Pantherophis guttatus,$64.99,7
Lizards,Baby Abronia Graminea,,$99.99,7
Geckos,Raptor Leopard Gecko,Eublepharis macularius,$59.99,7
Inverts,Trinidad Olive Tarantula,Holothele incei,$29.99,7
Lizards,Baby Nile Monitor,,$24.99,7
Turtles,Baby Hypo Common Snapping Turtle,Chelydra serpentina,$149.99,7
Tegus,Baby Red Anertherystic Tegu,Tupinambris merianae,$749.99,7
Turtles,Baby Spiny Softshell Turtle,Apalone spinifera,$24.99,7
Snakes,Baby Mexican Hognose Snake,Heterodon kennerlyi,$149.99,7
Inverts,Cobalt Blue Tarantula,Haplopelma lividum,$59.99,7
Snakes,Baby Trans-Pecos Rat Snake,Bogertophis subocularis,$99.99,7
Lizards,Giant Plated Lizard,Gerrhosaurus validus,$69.99,7
Geckos,Baby Crested Gecko,Correlophus ciliatus,$39.99,7
Amphibians,Red Eyed Tree Frog,Agalychnis callidryas,$24.99,7
Lizards,Meller’s Chameleon,Trioceros melleri,$124.99,7
Geckos,Adult Normal Panther Gecko,Paroedura pictus,$29.99,7
Turtles,Baby Black Wood Turtle,Rhinoclemmys funerea,$64.99,7
Inverts,Texas Tiger Centipede,Scolopendra polymorpha,$14.99,7
Inverts,Redslate Ornamental Tarantula,Poecilotheria rufilata,$69.99,7
Inverts,Vietnam Electric Blue Tarantula,Chilobrachys sp.,$149.99,7
Lizards,Baby Yucatan Spiny Tail Iguana (Ctenosaura Defensor),Ctenosaura defensor,$499.99,7
Amphibians,Tigerleg Monkey Tree Frog,Phyllomedusa hypocondrialis,$19.99,7
Tegus,Albino Blue Tegu #3,Tupinambis Merianae,"$1,499.99",7
Snakes,Baby Hypo Blood Colombian Redtail Boa,,$499.99,7
Inverts,Adult Australian Giant Prickly Stick Insect,,$29.99,7
Lizards,C.B. 4 to 5 inch Veiled Chameleon,Chamaeleo calyptratus,$39.99,7
Snakes,Baby Reticulated Python,Python reticulatus,$99.99,7
Inverts,Spiny Flower Mantis,,$39.99,7
Tegus,Baby Ice Tegu Het Albino,Tupinambis Merianae X Tupinambis rufescens,$499.99,7
Turtles,Baby Caramel Pink Albino Red Ear Slider Turtle,Trachemys scripta elegans,$899.99,7
Geckos,Baby Chocolate Mandarin Pinstripe Crested Gecko,Correlophus ciliatus,$249.99,7
Snakes,Baby San Luis Potosi Kingsnake,Lampropeltis mexicana mexicana,$49.99,7
Snakes,Sunbeam Snake,,$44.99,7
Isopods,Porcellio Scaber “Red Calico” Isopod,Porcellio Scaber,$14.99,7
Snakes,Montpellier Snake,Malpolon monspessulanus,$49.99,7
Turtles,Baby Florida Red Belly Slider Turtle,Pseudemys nelsoni,$19.99,7
Lizards,Sub Adult Chinese Water Dragon,Physignathus cocincinus,$29.99,7
Venomous,3-5 Foot West African Gaboon Viper,Bitis gabonica rhinosceros,$299.99,7
Lizards,Baby Veiled Chameleons,Chamaeleo calyptratus,$19.99,7
Snakes,Baby Albino Kenyan Sand Boa,Eryx colubrinus,$124.99,7
Snakes,Baby Scaleless Head Pastel Yellowbelly Ball Python,Python regius,$424.99,7
Lizards,Ornate Girdled Lizard,Zonosaurus ornatus,$24.99,7
Lizards,Brown Anole,,$2.99,7
Inverts,Burrowing Scorpion,Opistophthalmus boehmi,$14.99,7
Snakes,Baby Ultramel Motley Cornsnake,Pantherophis guttatus,$74.99,7
Isopods,Porcellio spinicornis “Brick Work” Isopod,,$9.99,7
Geckos,Spearpoint Leaf-Tailed Gecko,Uroplatus ebenaui,$224.99,7
Inverts,Egyptian Green Scorpion,Buthacus leptochelys,$24.99,7
Geckos,Baby Bell Albino Leopard Gecko,Eublepharis macularius,$39.99,7
Snakes,Baby Candy Cane Albino Cornsnake,Pantherophis guttatus,$34.99,7
Lizards,Ocellated Skink,Chalcides ocellatus,$9.99,7
Snakes,Chinese Bamboo Ratsnake,Oreocryptophis porphyraceus vaillanti,$179.99,7
Amphibians,Apricot Pacman Frog,,$34.99,7
Turtles,Baby Hypo Yellowbelly Slider Turtle,Trachemys scripta scripta,$224.99,7
Venomous,West African Bush Viper,Atheris chlorechis,$149.99,7
Isopods,Zebra Roly-Poly Isopods,Armadillidium maculatum,$14.99,7
Lizards,Fischer’s Chameleon,Kinyongia fischeri,$44.99,7
Snakes,Banded File Elephant Trunk Snake,Acrochordus granulatus,$74.99,7
Geckos,Baby Mt. Koghis Leachianus Gecko,,"$1,199.99",7
Lizards,Schneider Skink,,$29.99,7
Turtles,Baby Yellowbelly Slider Turtle,Trachemys scripta scripta,$9.99,7
Snakes,Emerald Tree Boa,Corallus caninus,$224.99,7
Amphibians,American Bullfrog,Lithobates catesbeianus,$9.99,7
Lizards,Juvenile Chinese Water Dragon,Physignathus cocincinus,$19.99,7
Isopods,Roly-Poly Isopods,Armadillidium vulgare,$9.99,7
Geckos,Golden Gecko,,$5.99,7
Lizards,Baby Monkey Tailed Skink,Corucia zebrata,$499.99,7
Turtles,Asian Box Turtle,Cuora amboinensis,$44.99,7
Snakes,Baby Sinaloan Milksnake,Lampropeltis triangulum,$49.99,7
Isopods,Orange Roly-Poly Isopods,Armadillidium vulgare,$9.99,7
Snakes,Baby Eastern Chain Kingsnake,Lampropeltis getula getula,$59.99,7
Snakes,Baby Diamond Python,Morelia spilota spilota,$399.99,7
Snakes,Black Banded Snake,Scolecophis atrocinctus,$299.99,7
Tegus,Baby Albino Cherry Ice Tegu,TUPINAMBIS MERIANAE X TUPINAMBIS RUFESCENS,"$2,499.99",7
Tegus,Baby Deep Purple Tegu,SALVATOR MERIANAE X RUFESCENS,$499.99,7
Tegus,Baby Albino Purple Ice Tegu,TUPINAMBIS MERIANAE X TUPINAMBIS RUFESCENS,"$2,499.99",7
Lizards,Blue Tree Monitors,Varanus macraei,"$2,499.99",7
Tortoises,Baby Giant South African Leopard Tortoise,Geochelone pardalis pardalis,$274.99,7
Snakes,Baby Lavender Brooks Kingsnake,Lampropeltis getula brooksi,$99.99,7
Lizards,Dumeril’s Monitor,Varanus dumerilii,$274.99,7
Snakes,Baby Aberrant California Kingsnake,Lampropeltis getula californiae,$99.99,7
Snakes,Water Snakes,,$9.99,7
Snakes,Baby Sunkissed Cornsnake,Pantherophis guttatus,$49.99,7
Inverts,Chilean Bronze Tarantula,Paraphysa scrofa,$29.99,7
Snakes,Baby Schokari Sand Racer,Psammophis schokari,$49.99,7
Geckos,Super Mossy Leaftail Gecko,Uroplatus sameiti,$149.99,7
Snakes,Baby Jungle Sunglow Colombian Redtail Boa,Boa constrictor imperator,$499.99,6
Lizards,Baby Ocellated Uromastyx,Uromastyx ocellatus,$124.99,6
Inverts,Egyptian Gold Scorpion,Buthacus Occidentalis,$24.99,6
Amphibians,Dragon Wing Ornate Pacman,Ceratophrys ornata,$29.99,6
Amphibians,Sunburst Pacman Frog,Ceratophrys cranwelli,$24.99,6
Turtles,Baby Western Painted Turtle,,$14.99,6
Snakes,Baby Ghost Cornsnake,Pantherophis guttatus,$44.99,6
Snakes,Baby Blonde Trans-Pecos Rat Snake,,$124.99,6
Venomous,Jerdoni’s Pit Viper,Protobothrops jerdonii,$399.99,6
Lizards,Desert Spiny Lizard,Sceloporus magister,$14.99,6
Snakes,Pied Ball Python,,$349.99,6
Lizards,Parson’s Chameleon,Calumma parsonii,$699.99,6
Lizards,Madagascan Spiny Tail Iguana (Cyclops),Oplurus cyclurus,$29.99,6
Isopods,Porcellio Dilatatus “Giant Canyon” Isopod,Porcellio dilatatus,$9.99,6
Inverts,White Spotted Assassin Bug,,$29.99,6
Amphibians,C.B. Baby Blue Eyed Dumpy Tree Frog,Litoria caerulea,$29.99,6
Venomous,Prairie Rattlesnake,Crotalus viridis,$124.99,6
Lizards,Smallwood’s Anole,Anolis smallwoodi,$149.99,6
Inverts,Madagascan Flat Scorpion,Opisthacanthus madagascariensis,$24.99,6
Lizards,Baby Chinese Water Dragon,Physignathus cocincinus,$12.49,6
Amphibians,Baby Brown Suriname Horned Frog,Ceratophrys cornuta,$39.99,6
Turtles,Baby Florida Snapping Turtle,Chelydra serpentina,$29.99,6
Lizards,Giant Water Skink,,$149.99,6
Snakes,Baby Aru Green Tree Python,Morelia viridis,$499.99,6
Snakes,Baby Paradox Snow Kenyan Sand Boa,Eryx colubrinus,$199.99,6
Lizards,Mophead Iguana,Uranoscodon superciliosus,$24.99,6
Lizards,Baby Hypo Bearded Dragon,Pogona vitticeps,$59.99,6
Snakes,Flower’s Racer,Coluber florulentus,$39.99,6
Snakes,Baby Fire Cornsnake,Pantherophis guttatus,$39.99,6
Inverts,Scarlet Millipede,Trigoniulus corallinus,$2.99,6
Snakes,Baby Snow Florida Kingsnake,Lampropeltis getula floridana,$149.99,6
Turtles,Baby Three Striped Mud Turtle,Kinosternon baurii,$59.99,6
Inverts,Flat Millipede,,$4.99,6
Snakes,Sorong Green Tree Python,Morelia viridis,$599.99,6
Amphibians,Green & Black Auratus Dart Frog,Dendrobates auratus,$39.99,6
Snakes,Baby Anaconda Het Albino Western Hognose Snake,Heterodon nasicus,$124.99,6
